id,document,label
7757680,앞으로도 없을듯...,1
6311301,큐브릭은 아무나 하나~~ 그 누가 쉽다고 했나~~,0
7805087,"이런 드라마,,, 다시 만나기 힘들 겁니다. 아시겠습니까?",1
6824254,더빙땜에 영화보다 짜증나긴 처음이네... 보라를 도대체 왜쓴거임??,0
8565456,감독이 중국인인줄 알았네 상당히 중국스런 영화 다니엘 헤니 연기가 아깝다 앞으로 좀 더 자주 봤으면..,0
7419437,난 이 미드가 너무 좋다,1
6075095,어쩌다 tv에서 하는 것을 보게 되었는데 나도 모르게 빠졌었다..,1
4081270,왜 이걸 안봤는지 후회됨..이건 내용도 좋고 정말 명품드라마라는게 아깝지 않음 ㅠㅠ,1
729627,골퍼들의 영화,0
8989792,나 이거 극장서 돈주고 봤음,0
3118244,"빈틈없이 치밀하고 재미까지 있는 영화, 언젠가 우리에게도 필요했던 언론",1
10228822,불쾌하고 줏대없는 악취미.,0
7669005,오만가지 섞어 놓고 파스텔조 싸구려 CG로 포장해서는 예술영화연 하는 쓰레기,0
8783845,어마어마한 쓰레기 영화네요. 전작들은 생각 없이 웃기라도 했는데 이건 뭐 저질 중의 저질영화.. 배우들이 너무 아깝네요. 좋은 배우들인데,0
7362172,"올드보이 이후 차기작으로 잘 알려지지 않았지만, 최민식에게 파이란과 있어 이 영화가 가장 최고의 영화라고 나는 주저없이 말할 수 있다. 자연스러움의 익숙함이 너무 잘 묻어나 편안하다 못해 포근하다.",1
9979868,이런 영화 또 나왓으면 좋겠당ㅠㅠ 아만다돌아와 이때로!!,1
641561,이게 뭐야!!!!!!!!!!!!!!!!!!!,0
9042554,요즘 겉멋만 잔뜩 들어서 더럽게 재미없는 액션영화들은 이런걸 좀 보고 배워라.,1
4492743,프레디는 최고의 캐릭~ 2편까지는 참 무섭고 재밌었던것같은데..나만 그런가?ㅋ,1
156450,음 감동이 있는 영화 너무 재미있어요 친구와 함께 보세요 진짜 좋은 영화,1
7990558,ㅠㅠ 정말 쩔여요..,1
8771707,"얼마만에 이렇게 드라마를 열심히 기대하며 보는지 모르겠다, 일주일을 엔아생각뿐, 두주인공이 너무 사랑스러워~~",1
5788766,"시사회보고왔습니다.. 열정과 소통, 사랑과 눈물의 그곳을 보실 수 있어요...",1
8850762,ㅜㅜ내삶의낙이에요 이하나언니 넘귀여워요~,1
4254270,성형부작용 같은 주인공 얼굴 때문에 집중이 안됨..;;;,0
8910112,"눈을 불편하게 하는 지속되는 어두운톤, 귀를 신경질 나게 하는 전화벨소리, 보는 동안 80%이상 다른 영화볼까 고민하게 하는 영화, 남자 주인공의 경찰과의 대화, 여주인공과 첫만남의 어버버한 대화 남자배우 어떤 점으로 캐스팅 된거지? 짜증만땅.",0
8069367,"엎치락뒤치락 하더만, 결말은 맹탕이넹...",0
9243605,1점도 아깝다 ㅡㅡ여지껏본 영화중 최악의 영화다,0
9484264,오랜만에 유쾌한영화! 신나요~~,1
8552898,1998년 고전작이라 기대안했었는데 맙소사... 너무 몰입하다보니 그냥 단시간계 타임머신. 고전영화에 관심없는분도 추천함. 인터넷TV에 무료로 이 대작을 보다니 ㄱㅅ,1
7882968,이런영화는 어디서 보라는거임? 저번에 극장갔더니왠 되도않는 영화들만 극장에 꽉차있고 사전 설레발광고 많은거 막상보면 최악 끄응~,1
28884,적나라한 섹스묘사로 야하긴 하지만 예술성을 칭찬할만하다,1
5020543,이런느낌의프랑스영화너무좋아하는1인... 흠잡을데가없다,1
6839251,이해 안가는 부분이 많아 난해하지만 예술적가치가 충분함,1
9997977,중국 무협영화은 어설픈 삼류 CG가 아닝 와이어와 무술인데... 20년전에 나온 서유기가 훨씬 낫다,0
71123,"동안의 매튜 브로데릭, 미쉘파이퍼의 신비로움만 기억에 가득",0
6899210,헐리웃도 이런 허접한 영화 찍는구나..ㅎ 기대했었는데 너~~무 엉성해..,0
8559466,영화 포스터 만 봐도 별로 일거 같다. 차예련 연기 기대는 안하지!,0
112513,정의보다는 평화...,1
9823850,"참 괜찮은 영화다 그들이 사는 세상이 행복하지만은 않다는 부분, 인간미를 느낄수있었고 다들 연기도 정말 잘해서 진짜같이 보였다.. 왜 평점이 낮은지 모르겠다",1
10241980,말이필요없음 ㅜㅜㅜ 엉엉,1
6364098,복수도 용서도 상대방 봐가면서! 답답하지도 충격적이지도 않았습니다.,1
7773021,ZZANG !!k,1
9561020,한국도 저럴 때가 있었죠. 그리고 지금 저걸 부활시키려는 이들이 있죠. 보는 내내 소름끼치는 건 우리 중 가운데 저 악귀가 될 이들이있기 때문입니다,1
573519,이 영화를 본 내 자시니 싫다~ 아예 보드타는것만나오던지~,0
5587163,1~2점 준놈들은 무협보지마라,1
9020398,"액션도 별로, 스토리도 별로, 캐릭터 재해석도 별로, CG도 별로.",0
8603513,일장춘몽....인가.,1
9494169,감독님 너무하셨어요.... 책을 다시 읽어보시구 생각을 많이 하셔야 합니다 ㅠㅠ 소설 '은교'는 어디 간걸까요..,0
4609552,로코는 왠만하면 재밌게 보는데 이건 정말 별로...,0
7974085,20살때는 홍상수감독 영화보면 저게뭔가... 싶었는데 오늘 누구의딸도아닌해원까지 세편봤다 조만간 전부 다 봐야겠다..재밌다진짜!,1
9304595,영화 보는 내내미스테리였습니다. 한번도 못본 배우들(연극배우겠죠?)이 다수로 나오고 샷도 NG없이 한번에 간 장면들도 많고 흑백의 디테일한 영상미가 상당히 인상적입니다. 배우들이 어쩌면 그렇게도 하나같이 연기를 잘하는지^^;,1
8004896,"스마트한 진격의 순재 선생님, 아기미소 구야형, 아내바보 꽃미남 박근형 선생님, 떼쟁이이지만 호기심 많으신 백일섭 선생님, 그리고 투덜대지만 예의 바르고 선생님들 걱정하는 서지니ㅋㅋㅋ H4 귀여우심! 짐꾼 서지니도 완전 동안이고ㅋㅋ",1
10126134,"앙큼한 도희, 주연배들의 힘이 느껴진다.",1
8936407,원래 예능 잘 안보는데요거는 재방송으로라도 꼭 챙겨봐요연예인이라는 직업을 가지고 있는 사람들이 집으로 돌아갔을때 모습은 어떨까 궁금했는데인간적이고 보기 좋아요계속 룸메이트 생활 보고 싶어요~!!!!,1
8611728,"""아 아직도 잊혀지지가 않아 """"폭신폭신하네 마치 떡같은 감촉이야"""" 라고 했던 악당보스의 대사가...""",1
8622212,아 다시 보니 추억이 ㅋㅋ풋풋하다 ㅋㅋ,1
6032569,너무 오글거려,0
51497,하하하하하,0
3433163,정말 재밌어요.박용하가 너무 멋져.,1
8978473,평점이 왜이리 낮지명화 수준인데,1
10129581,이영화를 보고 오목을 배웠습니다,1
8178623,내가 극장서 본 최악의 영화,0
5583439,보는내내좋았다.마지막장면은 진짜 가슴이너무막히면서아팠다.ost가너무절묘했다굿♥,1
9566606,평점 조절용. 6점이 적당하다고 봄.,0
8027058,생각보다 퇴폐적이지는 않다스토리도 있고....배울점도 있고....,0
9918832,난해함 어려움 배배꼬려고 노력한 영화같음,0
10213093,너무하네요.. 기대했던배우들의 억지연기 잘봤습니다.,0
1146566,모든면에서 수준이하......-ㅅ-,0
9335337,후반부부터 코미디 보는 줄 알았네..온주완 존나 끝판왕임 ㅋㅋㅋ 그리고 결국 불쌍한 건 정근아찌뿐..ㅠㅠ,0
6575840,재밌게 봤음,1
10271994,처음부터 끝까지 집중해서 봤네요,1
9587922,이청아 사까시 장면 안나와서 1점,0
725945,한국관객들의 수준이 낮은 이유는 개티즌들 때문;;,1
10264309,새로운 거장. 호소다 마모루,1
3745718,사랑찾아왕위버리고나가서다죽고다시왕에오름한순간에감정에다죽임,0
9873798,"미야자키 하야오 팬이라서, 애니메이션 몰아서 보고 있는데 이 영화를 보고 정신이 번쩍 듭니다. 주인공이 전쟁보단 자신의 꿈을 위해서비행기를 만들어냈다는 .. 미화 시킬게 따로 있지. 소름돋는 찝찝함을 안겨준 영화. 최악.평점 마이너스 주고싶습니다.",0
10202379,2014년부터 2015년까지 본 영화중 가장좋은 영화,1
35980,괜찮다.,1
6189520,더럽게 재미없다... 김하늘은 역시 이쁘다,0
2131219,별로...이것저것연결시키는 사람많은데 감독이 잘표현못했다는데 동감.,0
6381861,이게 공포영화인가? 뭐 코믹도 아니고 애매하네,0
8652881,김치워리어=세금 좀먹는 버러지.,1
9245340,제목이 말아먹었지 볼 만한 영화임,1
378040,재미는 없다,0
8078209,어렸을 적 감명 깊게 본 영화. 커서 본대도 재미있겠지.,1
4858179,줄거리의 전개가 어색하기 짝이 없는데다 등장인물들의 연기도 엉망,0
8366825,아니 양심적으로 평점을 줍시다 이 영화는 평균평점이 2점이상 나오면 안되는 영화입니다. 근데 자기만 시간 낭비하긴 싫어서 물귀신작전 쓰네요 ..-.-,0
3801880,이런영화를 보고 울다니.영화보고 잘 울지않는 저를 울게만들었네요~ 이런영화랍니다~,1
4496064,질질끄는 스토리,0
409976,1점도아깝다 차라리우뢰매가낫겠다..,0
8366107,얻어간 것이 많은 영화였습니다,1
6874041,역대 포켓몬영화중 최고 이 작품을 넘는 포켓몬 극장판은 아마 나오지 않을 것이라 장담한다.별다른 내용도 없이 눈요기와 정형화된 패턴으로안습함을 달리는 요즘 포켓몬 극장판을 보면 착찹하다,1
8873943,난 2번 보고 만족 했는데 제 친구는 18번을 봤습니다. 믿기지 않지만 실화입니다... 빨리 블루레이 내주세요 ㅠㅠㅠ,1
717775,심심한영화.,0
7036501,알바쓰냐,0
2100998,100번째 영화인데 잘좀 하시지 왜 그러셨어요,0
136045,홍콩영화의 한계는 여기인가...,0
851141,옥토퍼시와 다른 나름의 재미...,1
1665432,The last live in the universe,1
10063344,진짜 앞영화 그만우려먹어라 영화보는시간에 거울앞에서 내얼굴보는게더무섭겠다,0
4901438,지금도 생생히 생각날 정도로 열심히 봤었다. 별 12개쯤 줘도 충분.,1
10235789,인생최고의영화입니다,1
9463164,이 영화면 즐기고 느끼면된다. 따질필요없다. 느끼면 충분하다.,1
9161401,"난 이거 어릴 때 본 적이 있었는데, 그 때도 포이즌 아이비를 보면서 '왜 저딴 못생긴 년이 아이비 여신님을 연기하는 거지?'라고 생각했었다. 다시 보니... 역시 싫다. 저주할테다, 조엘 슈마허!!!",0
7861386,12회부터재밌어서 ㅣㅇ개주고갑니당ⁿⁿ,1
8958899,지금까지 본 것 중 최고의 무협영화!,1
5723278,오랜만에 건진 대어. 이런 명작을 오늘에야 보게 된 것이 부끄럽네요. 강추!,1
601331,지루하고.. 지루하다. 끝까지 보는데 인내심을 많이 요구한다.,0
9718559,재밌게봤습니다.보고나서 마음이 조금 무거울지도모르겠네요.,1
3871919,끝이 허무하지만 설정이 흥미롭다.,1
3799238,ㅇ ㅑ .. 재밌네,1
1430330,"흑인들의 삶과 비애, 그리고 그들의 영혼이 담긴 랩..",1
4883800,넘 잼나게 보고 왔어요~ 많은 분들이 봤음 좋겠어요,1
10256337,가슴이 예쁘네요.!!!,1
10189313,훈훈하고 마음이 따뜻해지는 영화네요,1
9607241,"평점에 속아 본 영화! 절대 보지 마시오! 정말 시간이 아깝네..억지 긴장을 쭐쭐이처럼 늘려 놓은 영화...스킵하며 보다가 지워버림...ㅡ,ㅡ;;",0
8754967,소름 끼치도록 무서운 악역,1
1556185,인간이 인간을 심판할 수 있을까?..,1
8427720,성룡은 무조건 10점!!!!,1
10262220,무서워요히이이이잉ㅜ,1
7694216,다시 보고싶다,1
8059646,그냥 그랬던 영화.. 뭐 줄거리는 대충 알았으니 손에 땀을 쥐고 보진 않았고 대충 이러다 성공했으려니 생각하니 의외로 지루함,0
8890911,재밋음 스릴은조금부족하지만 지루한건없음 ㅋㅋ,1
6904341,헐 뱀검쨩임 시즌 3 안나오면진짜대박이에요ㅠㅠㅠㅠ뱀검 쨩 !! 시즌 3 당연히 나오겟죠 ????,1
5590916,거지같은 영화.. 이나영만 불쌍... 쓰레기작품..,0
9271733,오 2빠! ㅎㅎ꿀잼 ㅋㅋ 꼭보삼들^^,1
9700519,신년을 베를릴과 함께 시작!,1
10236723,완전 재미있게 보고 전율이 느껴짐부모님께도 추천했음,1
3312458,시사회에서 봤는데 1점 준 적 처음입니다. 최악.,0
9572457,두시간이 아까운 영화..반전이 있겠지 해서 끝까지 봣는데 시나리오..개실망,0
1940226,정말 베토벤 영리합니다,1
9919931,무시무시한 간결함은 여전한데 다케시가 보여주고자 하는 바를 잘 모르겠다,0
7783397,이영화로 돈치들 광팬 무더기 발생,1
5912342,홍상수의 영화는 고민의 흔적이없다. 텅비었어,0
8762706,네이버는 도데체 왜 외국 영화 포스터만 개같이 관리 하는거야...국내 영상물 포스터는 완젼 고화질 국외 영상물 포스터는 쓰레기 취급.. 쯧쯧쯧...,1
9985816,잘 나가다가 누가 맹기용을 불러오랬어!!!잘가~!냉장고를 부탁해!맹기용 안나오면 다시 봐줄께~!!그때까지 쉴드 열심히 치시고 협찬받은 오븐 잘 쓰세요!,0
10204713,이영화만든감독님 전화 번호 아시는분? ㅎㅎㅎㅎ귓속에대고 조근조근한말투로 따뜻한욕 한마디해드리고싶어요,0
6807130,3기 기다리다 지친다,1
6579518,tv에서 보았었는데 다시 각색을 해서 재밌게 잘 보았네요 펭귄 부모님들이나 우리네 부모님들이나 한결같이 자식사랑을 느낄수 있었네요3D로 보았다면 더 생생할수 있었을텐데...,1
7503541,"함께 먹고, 나누고 대화하는 소박한 일상들이 천국 같다. 참 예쁜 영화. 작은 일에 감사를 느끼게 하다니. 어른을 위한 동화같은 영화다.",1
9615155,평점이 너무박하네요 웹툰 무시하시고 영화로만 보시죠 원작을 웹툰으로 먼저보셨다면 원작과 영화의 싱크율을 따지고들건 분명하나 한국스릴러물에 이토록 몰입할수있는 다른영화 이름을 쉽게 떠올리실수있는분 있으신가요..?정말 잘만든영화입니다,1
1279795,글렌 클로즈와 배우들이 말해주는 여성 영화의 전형.,1
4867086,폴리스스토리 전부 최고지...아니 성룡이 최고다...ㅋㅋ,1
10211554,감독 해바라기 찍고 이후 작품보니 여기에 일생의 모든 재능을 쏟아부은 것 같다 `태식이형은 나가있어 OOO 싫으면'이란 명대사는 한국느와르의 오랜 명대사가 되었다,1
9414979,하도 존재감이 없는 영화라 전에 보다 만 건데 모르고 또 보려 했다. 조그만 회사에 다닌 사람들일수록 공감을 많이 할 거다. 큰 회사에서는 이렇게 수준이 낮진 않다.,0
8438950,재미없네.후회하면서 보는 중.ㅜ,0
5550961,개 쓸엑이 영화 그래픽 티 부끄러울 정도로 남 스토리도 개쓸,0
9858234,특별한 감수성. 새로운 느낌,1
1701290,모르고 보면 무슨 80년대 영화인줄 알겠네.,0
9572660,제목 센스 끝내주는 감독..ㅋㅋ,0
9837386,배우들이 짱짱한데...이런 망작을 만들수도 있구나....절대 킬링타임용도 안됨..,0
7705454,고양이 사랑해,1
6686656,솔직히 너무 지루하고 별로 웃기지도 않는다 트웰브는; 제타존스 이쁜 맛에 그냥 봤는데 진심 별로다,0
8159910,뭔 말이 필요하냐? 그냥 쓰레기...,0
9986024,극장에서 보고 집에서도 보고 다소 자극적일 만큼 사실적이고 강렬합니다.무간도보다 재밌게봤습니다.,1
5301536,스릴러+액션..긴장감 있고 볼만합니다.,1
5569786,아 ㅋㅋ 진짜 쪽팔려죽겠다.그냥 나라를 위해서 좀 버로우좀 타라. 김청기,0
7106446,ㅋㅋ나밖에없엌ㅋㅋ,0
9149782,연수누나...벗으려면 제대로 벗으시지.,0
3970679,시작부터 틀려먹었다.드물게 오프닝부터 실소만 나오는 몇 안되는 졸작.,0
9900896,자막..ㅋㅋㅋ 센스.ㅋㅋ,0
8817249,아~ 매우 지루해...,0
9818780,원작이 훨 낫다 혹시나 하고 만든듯,0
2512200,국제적역학관계를 다루려고 노력한흔적은 보이나.. 줄거리가 엉망이다,0
10018517,솔직히 탑 액션만 잘했지 다른면에서는 뭘 잘했다는지 모르겠다,0
9127466,임권택감독! 정말 실망이다! 당신같은사람들때문에 우리나라영화산업이 맨날요모양요꼴이지! 자기 손녀딸같은14살애기한테 협박하고 찍게하다니!인성부터가썩엇구만,0
5181472,별걸 없던데 뭔 일본내 상영 금지 개 웃기네 ㅋㅋ,0
10213604,머리가 지끈거리는 영화,0
522344,감독은 이후로 작품이 없었다...,0
9950447,아부도 무리수 쓰면 골칫덩어리.,0
8190117,이런영화는 긴말필요없지 최고다,1
4228635,롯시 3일만에 카드 소진 ㅇㅇ . 장난하낭,0
9219285,있는 그대로의 나를 사랑해줘.,1
7941656,마틴 프리먼이랑 3500원 때문에 꾹 참고봄. 지루하다.,0
8888593,"몇몇 괜찮은 호러/액션 장면들이 있지만, 캐릭터는 멍청하고 스토리는 진부하며 진행은 지루하다.",0
4987684,일단 관객을 떠나게 해서는 안 되잖아.,0
6019443,신문거꾸로 들고 있었을때 정말...,1
4133379,일단 여주인공이 지나치게 이뻐. 여주인공하나로8점은 먹고 들어간다.,1
10002900,저는 10살인데요.. 아무리 커서 봐도 질리지 않을듯한 애니매애션 짱입니다!!,1
6742492,"독립영화 편견갖고 보지 않는편인데, 아까 낚인 영건탐정사무소랑 알바를 풀었나.. 니네 리뷰보기 하면 다 싸이즈 나오거든?? 장난질 그만들해라.",0
1801729,최악...자국산 동화를 일본인에게맡기는이종자특유의 무신경함(졸작중졸작),0
7858773,공존으로 가는 길,1
10122891,실화라 그런지 이야기끌고가는게 생각보다 잔잔했는데 좀 먹먹하고 연주할때마다 그의 인생을 내가 회상하게되는 좋은영화,1
8096884,아만다의 분홍 색 니플 만으로도 이 영화는 충분한 가치가 있습니다.다음에도 계속 벗고나와 주시길...,1
3264202,데이빗린치는 인물들 내면 을 깊숙히 파헤친다,1
9329339,"전쟁, 사랑, 책임, 모성애. 겉만 번지르르한 미안함이 마음을 불편하게 한다. 지금은 멀쩡해보이는 사라예보지만 아직도 전쟁이 진행중인 지구 반대편의 사람들에게 미안하다.",1
8721643,캐스팅은 10점...,0
5001724,드라마를 개떡같이 편집해 스토리연결없이 극장판이라고?장난하냐?,0
4148919,"아니 이게 뭔 개봉, 간단명료하게 부쉬 = 철저한 제국주의자",1
2101605,bad,0
8570149,진짜 한국영화 숨은수작 중 하나 덤으로 김민정 진짜 섹시하다,1
7759092,1편으로 끝냈어야됐는데..10분보고끔,0
9840675,나는 영화관에서 진짜진짜 재미있게 봤었음. 소재 자체가 특이해서 흥미로웠고 괜찮았음.,1
8747589,영화 자체가 재앙이다. ㅠㅠ,0
8809093,"왕가위의 영상미는 여전하지만 너무 익숙해진 장면들이 많고, 전체적인 스토리는 많이 약해진 느낌이다",0
4175100,좋은 소재 가지고 이정도밖에 못뽑아내다니..끝까지 무슨내용인지 알수가 없는 영화,0
8656384,이건 뭐... 대체 뭐라 말해야되나 스토리도 없고.. 그렇다고감동도 없고 보는 내내 이게 영화야? 하고 생각하게 만든다 무슨생각으로만든 영화인지...,0
9988438,진짜최고다 내가본영화중에 애니메이션부분에선 원탑인듯,1
2553188,"콩닥콩닥 가슴 졸이며 봤던, 브래드 정말 이녀석 멋지다 그냥 십대가 아니었어",1
9590201,유즈얼서스펙트와 같은 반전이 있죠.범인은 XX다! 범인은 XX다!,1
10224202,그냥 더럽다는....,0
6821343,뻔하다.,0
3735615,시간가는줄 모르고 보게되는 영화였음~ 최고~,1
7233452,"평점치고 상당히재미없고 진부하고 식상한...재미로보려면 포기하고,꼭 학창시절 학교에서 교훈영화 틀어줄때나 볼만한 영화. 보다가 딴거했다",0
6632903,"소설 먼저 보고 영화도 봤는데, 역시 꽤나 두꺼운 책을 짧은 필름 안에 담기란 힘들었나보다. 오히려 플레이타임을 좀더 늘려도 괜찮았을듯 ㅋ 재밌게 봤음",1
10189644,스릴잏고 재미난 동물영화,1
806101,소름 끼치는 악어와의 한판 승부를 펼치는 짐승 블록버스터,0
8068871,뭔 SF가 이따구로 지루하냐,0
2053167,가슴이 시린.. 눈물 나는.. 사랑.. 매염방.. 혼신의 연기...,1
9272208,ㅎㅎ..초등2학년까지는봐도 무난히신난다하겠군요..요즘가족영화들어른까지봐도손색없는데 이건그래도 옛날거인가보네요..유치찬란..,0
2694720,개연성 전혀없는 시나리오는 전혀신경안쓰고 공포화면만 신경쓴 마지막 짜증 나서,0
9548623,이거 보면서 암걸리는줄 전개가 무슨 병맛인데 감독 약빨고 찍은 듯 보는 시간이 아깝더라 그리고 뜬금포들 개연성이 너무 없다,0
10139726,그렇게 무거운 소재를 가지고 있는것도 아니고 뭔가 모를 교훈? 을 좀 주기도 하고 .. 한편의 순정드라마 보는느낌 진짜 좋았다,1
8997163,개인적으로 좋아하는 사무엘 L. 잭슨이 나와서 그런지도 모르지만 다이하드 시리즈 중 가장 재미있게 본 작품.,1
9330768,아 진심 기분나쁜 엔딩 영화는 잘만든영화인데 엔딩이 ㅈ같네요 리얼 불쌍한여주,1
6297991,보지마시길...당신의 시간은 소중하니까...,0
866609,... ... ... 죽음이 다가온다는걸 아는.. 정말 어떤느낌일까.,1
8087913,이건명작이다ㅜㅜ 이연걸 최고,1
713247,이 때까지만 해도... 참...,0
9121187,못된 감독. 중2한테 강제전라씬을 찍게 해?,0
7854558,이건 뭐 좃중고딩들 소설도 아니고 세상 참 편하게 사는 두뇌들인듯^^ 특히 빨갱이 감싸주면서 개수작 논리피우는 우리나라 대통령이라..ㅋㅋㅋㅋㅋ,0
3986001,jou1318 영화 제대로 안봤나보네. 뭘 본거냐??,1
9221639,"영화를 보고나서 그레이스 켈리를 검색했더니 ~ 정말 니콜키드만 아니면 연기가 안되었을 만큼 느낌이 비슷하다, 정말 생각없이 봤는데 ...완전 재밌네",1
9833029,후..해도해도 너무하네..,0
8219819,어설펐어. 그치만 빈 디젤,0
5420856,평점이 왜 낮은지 모르겟네,1
3388943,"저는 너는내운명을 즐겨보고, 못본것은 메가패스로 보기도 했어요.참재미있어요.",1
10114051,이런 영화는 도대체 왜 만드는건지?,0
9549918,스튜던스 서비스 완전표절 땅땅!,0
1983177,최악,0
5778462,Two thumbs up!!,1
766577,사토시의 인기 하나믿고 개봉한것 같네요^^;,0
9059264,현대인의 소통과 단절 그 영원한 숙제! 마지막 장면에서 처절하게 울던 양귀매!,1
732703,"어설픈 스토리, 어설픈 애국심에 호소, 어설픈 연기",0
9363297,절대 5점짜리 영화는 아닙니다. 꼭 보시고 평점 주세요~,1
7748357,신삼국 관우의 과거 모습을 볼수있는 작품...,1
3869610,내가 중국식 유머를 이해하지 못하는것인가...영상은 좋다.,0
3522670,내생에 가장 쓰레기영화,0
8758149,지금 당신들이 하는 것도 선동이라고 생각하지 않는지,1
6009042,재밌었당ㅋ,1
138665,기다림을 묶고 있었어...,1
5806852,딱 50cent 짜리 연기!! 보지마세요 액션도 거의 없고 시간 아깝습니다.,0
1709157,근데 어쩌라고,0
4261517,엄청 재미있지는 않지만 나름 볼만한..,0
6338033,최고ㅋ 당시 김민종이 연기대상이 없는게 이상할 정도다... 요즘이었음 타는건데...,1
3890746,내가 이거 평점 낮을줄 알았다.. 엄청 지루하더라,0
9746484,이 감독님은 일본빠????,0
9985675,재미잇던데.... 점수가 너무낮네...,1
5920735,아주 욕 먹으려고 작정하고 만든영화. 80년대 인터넷 유치뽕짝 유머 모음집,0
8814351,안 웃긴적이 없더라ㅋㅋ,1
2534661,나도한번 근심.걱정 모든고민들을 떨쳐버리고 어디론가 가고싶다..,1
9512871,야이 미친 평점개낚시쩌네 별 반개도아깝다,0
9759985,CG보다 유치하고 손발 오글거리는 스토리 전개가 더 대략 난감...,0
5339200,"잘나가다 911 엔딩이냐 ㅋㅋ 짱나...,엔딩빼곤 다 좋았는뎅 아쉽넹,,,",0
2718288,절대 우리와 거리가 멀지 않다! 미국 쇠고기 산업의 원초적 문제까지 꼬집는다!,1
3955070,어머니의 사랑과 가족의 중요성 굿~~~,1
5755829,도적놈들 관객을 돌대가리로 아는 건지,0
9627656,노잼 이렇게 재미없는 예능이 있나 ㅋㅋ,0
4618421,"달콤한 그들의 노래 그러나,그냥 TV 30분 다큐로 했으면 좋았을 것을...",0
8759916,식스센스 이후의 최고의 반전 영화!!,1
9765082,다들 그렇고 그렇게 살고 죽는거지.꼭 뭘 알아야하고 목적이 있어야하는가? 똥이다.,1
6506052,내가 제일 싫어하는 OO들 나오는 영화,0
2125516,Unrated를 보면 충격의 연속 고문과 난교 고급 포르노물(하드코어 장면도 많다),1
42961,1편의 신선함이 없다. 몬스터만 볼거리!,0
10262673,I have to keep breathing... for tomorrow the sun will rise... who knows what the tide would bring...,1
9667762,아들 진짜 죽여버리고싶다. 말 준내안듣네 찢어버리고싶다 ㅡ.ㅡ 내아들이었으면 이미 사시미로 뱃대지잘랏다,1
10084782,조금 단조롭긴 하지만 야만의 역사를 알게하는다큐로 좋았음,1
4426841,난 참 재밌게 봤는데 평점이 왜 이렇게 낮은지 모르겠다...,1
791160,일본어 노출된 부분을 한국어로 수정할 수는 없었는지요?,1
1262655,쳐 죽여버릴 개스토리,0
653939,엔젤의 캐릭터를 너무 잘 소화한 금성무. 동화같은 사랑이야기^^,1
1936030,찬호형 전성기때 방어율이다 ㄷㄷㄷ,0
7003334,ㄷㅂ,1
795002,뱀 먹는장면 압권......,1
9935889,감독님 죄송해요 전 루저 동양인입니다..ㅠㅠ,0
3413404,무한도전 좀비특집이 떠올라~,0
9755344,오래된 영화지만 재평가 받아야 될 영화같아요. 볼때마다 감동^^,1
7029347,"왜 요즘은 이런 드라마가 없을까..여백있는 드라마. 대사들이 아름다운..주찬옥,황인뢰 드라마에 한때 열광했었는데..",1
5802154,더빙 안된거루다가 보구싶네..구할방법 없나??,0
6191926,"1,2편,다편으로,쳐서,보내버리고 싶다.태와영자가 나오는,로드넘버임",0
3909645,엉성하고 매끄럽지 못한 흐름과 연기. 투박하고 어설픈 영상미와 구도. 소품들.,0
7442544,뭐여 이게ㅡㅡ,0
9765982,난 진짜 재밌게 봤는데....,1
8948736,"""재밌어 볼려고 애썼다. 그리고 """"바닐라스카이"""" 너 두번다시 자막만들지 마라...허접자막 네가 안만들면 딴 사람이 잘 만들었을꺼자나""",0
8772200,"사람 욕나오는것도 모자라 암유발시키는 영화네..알리,하산,아브라함,하셈등 마을사람들 모두 찢어죽여도 시원찮을놈들..같은남자로서 부끄럽고 아직도 그런일이 벌어지고있는 현실이 참으로 안타깝다",1
8754449,A YO Do you wanna be ? Block B !!ㅂ블락비 흥행하자 사랑해♡,1
2510689,..생각했던거 이상의 감동....역시 가족은 소중하다...,1
232468,가볍게 즐길 수 있는 재미있는 영화! 괜찮다.,1
8504339,홍콩영화 예전 같지가 않네...,0
7284361,ㅋㅋㅋ재밌고슬프고짱이다 장근석때문에봣당♥♥,1
8493389,시리즈중 제일 별로라는 평을 받았지만 저스틴 린이라는 감독을 분노의 질주 시리즈에 내정한 중요한 작품이고 최근 6편 결말 때문에 재조명할 필요가 있는 영화.,1
7972559,재밌으면서도 씁쓸하면서도.. 무튼 잘봤어용,1
110605,totally brainless stupid-ass ballbuster!,0
5292226,정말재미없다.. 진짜설정은참신했는데 이렇게밖에 못살리다니..,0
3422517,예쁘다. 좋구나!,1
10009054,오랜만에 멜로영화 잘봤네요 앞으로도 영화에서 볼수있었으면 좋겠네요 정서윤씨 괜찮네요,1
8486861,드릅게 재미없어유. 스토리도 엉망이고. 나이트메어는 쓸데없이 잔인하지 않다는 건 좋아유. 하지만 이렇게까지 야하지 않아도 되나 싶을 정도로 너무 안 야한 건 별로예유. 공포물이라면 야한 게 필수인디.,0
4174815,아침 연속극보다 재미없다,0
7126564,장난,0
5035600,남자의 세계..영화는 별로지만 볼만했다,1
4481627,개망작임,0
9924881,별점이 아깝다 여자가 영화 긴장감도 없게 만들고 걍 노답이다 왜 봄 OO,0
9439905,초등학교 6학년때 가출해서 우연히 극장에 들러 이영화를 보았다.. 집나가면 개고생이라는 걸 확실히 가르쳐준 영화... 날 다시 집으로 돌아가게 만들어준 영화 ㅋㅋㅋㅋ,1
9378050,"""핵폭탄 터져서 다 죽게 생겼는데 두아이 목숨을 더 챙기며 외치는 브로디의 한마디 """"그럼 터지게 냅둬요"""" 목을 썰어버릴라""",1
5704042,빠순이 빨로 평점 6점대 유지중임 ㅇㅅㅇ,0
8520728,제목나오는 부분부터 할말다한거지...,0
8729241,돈내고본사람은 환불좀,0
9514759,"인간이란 어떤 존재인지 알고 싶다면 도그빌을 보면 된다. 뉴욕 브로드웨이의 연극을 눈앞에서 보기 어려운 이들에게, 설사 본다해도 이렇게 가까운 화면으로는 보기 어렵기에 연기를 감상하는 것만으로도 큰 재미!! 연기를 자세히 보세요. 꿀잼!",1
9363954,아이돌 연기에대한 편입견을 싹 날려주는 폭풍재미 드라마예요~~~괜찮아요괜찮아요~~~ㅋ,1
10214827,종합 평점은 2점 드립니다.,0
251952,겨우 봤네....아휴...머야?어쩌다가 서로 좋아하게 된겨?,0
2031427,아는만큼 영화가 보일 것이다...,1
6763444,뭐 이런 쓰레기가...,0
4416649,이런영화가 좋다! 재밌네요! 맨날보지않던 얼굴들이라 더좋고!!신선합니다^^,1
4934279,꿈을 꾸는사람 꿈을 이룬사람 돌멩이도 꿈은 있잖아! 꿈과희망을 주는 영화,1
979866,극장에서 멜로영화보고 최초로 짜증+돈아까움 느낌,0
7873635,앗쨩이 바닥을 긁는 신이 가장 재미있었다. 공포가 아니라 코메디 영화,0
9299479,포스터보고 지아이조떠오른거 나뿐이냐,0
6538879,"거친 팩션의 느낌, 하지만 결론은..",0
6434245,명작이네요..명작은 시간이 흘러도 명작,1
9520865,굳이따지면잘만든영화는아닌데 이걸극장에서도보지도않앗고 명절같은때에하면 가족끼리항상재밋게봣던기억이잇어서 10점준다 오락용으로는 진짜부담없이 중간부터봐도거부감없이재밋다,1
8570006,평점이 너무 높다 이정돈아님,0
3145702,아 막 터트리고 싶어!,1
7004933,머여 이영화는,0
6257265,"13구역, 13구역:얼티메이텀은 상상하지마라 뻔한 반전에 중간중간 끊어진듯한 전개",0
9506442,말이 필요없는 영화에요!,1
5837459,별로야 .....,0
10050728,커넥트에 가까워질수록 디스커넥트,1
3795348,누가 억지눈물 잘흘리나 자기네들끼리 대결하는 작품,0
4370129,역시 쌈마이 영화의 한계는 어쩔 수가 없다.,0
9821037,좋은영화네요 진짜 한번봐보세요!,1
9775862,가슴이 많이아팟던듯,1
7781987,여자는 걸레라는걸 깨우치게 해주는 영화 특히 김치뇬들에 대한 사실적인 묘사,0
4489571,어치피 한쪽의 시선일뿐;; 진실을 알고잇는듯 말하진말자,0
8207753,나혹시너좋아하냐..너무좋당,1
8757923,다리 붕괴장면에서 CG는 그림판에 검은색 선택후 크랙표현.. 로라는 차에서 오른쪽문도 있는데 왼쪽으로 탈출하려다 사망. 아파트 무너지는곳도 그림판작업. 붕괴된 모습 표현못하니 연기로 가림. 운석 폭파장면도 할말이 없음..,0
2665859,진정 미스테리를 느끼느냐에 따라 평점이 달라지죠... 10점입니다.,1
9667659,웬만해선 평점 이렇게 낮게주는 타입은 아닌데..이 영환 진짜 너무했다 원작을 먼저 봐서그런가 진짜 이건 못 봐주겠다.. 맛집 따라한다고 겉모습은 똑같이 베끼고선 맛을 내는 가장 중요한 소스만 쏙 빠뜨린거랑 마찬가지다..특히 김규리 진짜 미스캐스팅ㄷㄷ,0
9728680,이딴 영화를 왜 만드냐..,0
9218784,너무했다 무녀가 아무런 저항없이 귀신한테.. 너무함 아무리 드라마지만 기본은지켜라 작가야,0
9366398,드라마 뭐같네.복수호 불쌍타.,0
8784981,달달ㅎㅎ웃긴면도 있고 여자와 남자 사이의 풀어가려는 것도 어렴풋이 나타난듯,1
7303869,맥스페인3에서 머리 대머리로 깎은거 맥스 브루스 윌리스 닮았다.영화 맥스페인은 그냥.. 게임유저 조롱,0
419983,굳굳굳!!,1
5357952,정말 이딴 영화는 나오지 말아야 합니다,0
277612,너무 재미잇게 봤던 추억의 영화~,1
6300538,너무너무 감동적인 영화예요 눈물이 펑펑 영화를 보고난 후에도 자꾸 생각이 나네요,1
9857441,박평식이 8점준 영화다.,1
1367114,전개 자체가 굉장히 쌩뚱맞다. 그래서 잼있었는지도..,0
9404145,변태가면 만화편이랄까... 디테일한 면에서 좀 아쉬웠던... 차라리 러닝타임을 조금 길게 하더라도 좀 매끄럽게 스토리를 연결했으면 하는 아쉬움이 남는다.,0
4632035,스토리라인이 몹시 빈약했다. 안본만 못했던 영화,0
9049480,엠씨들 공부 좀 하고 방송해주세요....작가들도 정보 더 모은 후에 방송하세요...,0
9100726,박지수라는 배우 리얼 불법체류자 인줄...,0
7282520,きもかった,0
168510,송일곤 완전히 책을 읽는군.. 전문 배우를 써라..,0
3339167,감독은 첫사랑의 자각을 의도한게 아니었나 보다. 우리는 포스터에 낚인것이다,0
8196921,재밌네평점왜이래ㅡㅡ,1
2680373,머야...설마설마 했다 진짜로 너무 뻔해서 영화 쩐다..,0
9564426,노출은 있는데 이상하게도 아름답게 보이지??,1
7792760,별루 감이 안옴,0
3860937,뭐야;재미있따고해서 봤는데 이게 뭥미;심심한영화;존재감없는영화;,0
8839921,최고! 계속 계속 발전해가고있어요 시즌2 무조건가야합니다 추리예능 중에 최고!,1
8752319,감동적인 영화. 헨리 영이 마지막에 한 말이 인상깊다.,1
935071,케이블서 봤는데 평점 7.9정돈 될만한 영화,1
7108057,이 영화를 돈주고 샀다,0
8577802,소소한 에피소드의 연속. 감옥에서 일어나는 일. 그건 그렇고 저 나라 교도소는 무지 쌈마이네.,0
9972509,"한국 중년남성의 네가지 모습,정말 현실적이고 순수하고 착한 영화",1
7049232,"필요도 없는 장면에서 계속 인피니트 L을 끼워넣는 이유는 뭔가? 몇분이상 등장시키기로 소속사와 계약이라도 맺었나? 폼만잡는 0점짜리 마네킹 연기 엘 때문에 볼 맛이 계속 떨어지더라. 스트로베리나이트, 히토리시즈카와 같은 원작자인데 수준이 이리 떨어지나",0
9166464,더록과 쌍벽을 이루는 개꿀잼 영화,1
6196205,1편이 더 나았네,0
3997397,"치밀하지도, 박력이 있지도, 깊지도 않다.. 실패가 당연해 보인다.",0
3591218,배때기나 쏴라~~~ 삼류야,0
9577760,재밌는데 1점주는것들은 뭐지?,1
7221565,이게 배트맨이지 놀란OOO가 다 망쳐놈 배트맨을,1
6321523,시청률이...하이킥3보다 훨씬잼있어요ㅋ,1
7191044,우애와 감동.. 깨닫는게 많은 만화. 중학교때 보았던 만화. 참 느낄것이 많은 만화. 어른이 봐도 좋을..어른을 위한 만화..?! 7죄악을 반성하며 보게 되는.,1
8931576,재미 정말 없었음. 지금 막 ocn에서 봄.,0
6076916,잼있어요...,0
5496960,새로운 이소룡 모습... 그의 액션은 결코 죽지 않는다!!!,1
5753559,"배우들이 문제가 아니라, 내용이 완전 막장임. 현실성도없고 1편이랑 연결되지도 않고",0
3375595,"참 좋은 영화다,",1
8650975,스티븐 유 지리네0점 왜 없음?,0
8814171,"이승연의 어설픈 연기력이 최대맹점(폴리스에서 여형사 역 이후 2년 지났는데도 저런 연기력이라는게 황당함), 최민수의 정체된 겉멋연기도 못 봐줄정도... 당시 서울모습 외에는 볼게 없다.",0
3435061,오랜만에 용서하지 않는 귀신에 3점,0
3055688,왜 이렇게 졸립냐...,0
4612317,"조금 답답했지만, 무이가 살짝 미소를 머금고 일하는 것엔 버금갈 자가 없지 않을까~",0
2524448,말이 필요없는 최고의 영화,1
1706214,근래에 보기 드문 대하드라마. 시대적 특성을 균형있게 나타냈다.,1
8684703,"무언가 담고 있을지도 모른다고 기대했지만 공허하기만 하다. 플래시백은 오히려 상상을 방해하고, 집착과 죽음의 연결은 너무 흔하다. 인상적인 엔딩을 만들고 싶어하는 감독의 집착만 남았다.",0
2027063,정말 멋진영화입니다. 삶에 지쳐있을때 이영화가 많은 도움이 될것입니다,1
7411332,예전 사랑을 놓치고 새로운 불륜을 시작하다.,0
10205640,지루해! 정말로wlsWkfh,0
6884214,지루해서...',0
1487090,화려함은 없지만 통쾌한 작품!,1
363337,상위 10%,1
348301,원작 의존도가 높은 만큼 이 작품은 약하다,0
3123314,진짜 웃김.. ㅋㅋ 약간 야한게 흠.. 액션도 재밌고,1
7921966,써로게이트의 부작용에 대한 자신만의 생각으로 써로게이트를 통해 행복을 누리고 있는 사람들의 권리를 뺒아가는게 정당한것인가? 장애인이나 식물인가.. 혹은 외모컴플렉스가 있는 사람들은 써로게이트통해 행복한 삶을 살고 있었을텐데.. 너무나 이기적인 결말임.,0
7899145,해리볼드님 공감,0
9399703,최우식!!! 진짜 잘하던데...,1
1520092,10년이 넘어도 최고!,1
5671849,그대들이여 평점에속지마시오.,1
6949381,스티브 카렐이 나온 영화 중 아직 <40살까지 못해본 남자> 를 뛰어넘는 영화가 없다 그냥 미국식 데이트 소동극 코미디,0
6237623,손예진 리즈시절.....비주얼적으로 여자 연예인 역사상 전무후무,1
2729636,짜릿하다,1
6676693,역시 동방싄기..ㅠ♥,1
8504413,"정말 이러시면 안되는거잖아요.. ─━,,──━ㆀ",0
9909707,완전 재미있는 영화..내가 본 영화 중 제일 재밌다,1
6021797,비포선라이즈 완전 따라했네..와인얻는건 대놓고 카피...뭐하는건지..,0
8735614,이런 스토리의 영화가 하나 두개인가??,0
9220147,드라마를 이렇게까지 집중해서 본건 처음인것 같습니다 연출력도 연출력이지만 배우들 연기와 스토리가 너무 좋았습니다ㅠㅠ 본방으로 못본게 너무 아쉬울정도!,1
1722614,쓰레기 영화의 절대강자 탄생.,0
5333918,카핑이라도 할것이지,0
5919730,공포에서 SF로 넘어갔네.. 그래도 재밌던데? 딴 분들 뭘 더 바라는거요?,1
5421088,액션도 강렬하구 주인공들의 연기 실력도 나날이 발전하네요.추천합니다,1
3261932,5점도 안된다는게 이해가 안간다... 나한텐 10점짜리 영화다!!,1
3204354,어이없으면서도 끝까지 유쾌한 기분은 기막힌 연출 때문인가?,1
9682347,이영화떄문에 스페인어를 배우기 시작했다.,1
9466888,나홀로 집에와 더불어 크리스마스 최고의 영화. 교훈과 감동이 어마무시하네요!,1
7137246,괴테와는 거리가 멀다.,0
10141143,속편 만들기 싫은데 억지로 만드셨나...,0
2750746,제대로 봤는데 뭔내용인지 모르겠더만 ㄱ-,0
9493221,아래 김프리맨 균형을 맞춰주지.,0
244106,어린 시절의 추억...,1
8651561,나쁘진 않음. 평점 7.0,1
7245690,"매력적인 배우들의 훌륭한 연기, 정치사와 개인의 감정을 둘 다 잡은 각본, 화려한 의상과 적절한 ost까지.... 빠지는게 없는 잘 만든 영화다. 시대만 다를 뿐이지 지금도 반복되는 이야기를 다루고 있다는 점도..",1
8030927,러시아하고 인도영화는 취향아니면 보지마라..이와중에 7점이상준 쓰레기도 있네..,0
7185616,근데 왜 갑자기 실시간 검색어에 오른건가요??,1
47417,어릴 때 정말 좋아했던 영화에요.. 지금도 노래를 기억하고 있죠..,1
7870414,보면암,0
847063,내단짝친구지선이화이팅!!,1
998049,저새키는 왜 눈 2/3을 감고있지...넥슨이 저거보고 배찌를,0
3306949,최고다.,1
5351885,쓰렉,0
1333881,너무 재미없어 기억도 나지 않는다,0
3766865,당시 극장에서 보았을때 상당히 재미있게 본 영화인데 평점이 왜 이모양?,1
7485366,지친 감독이 살짝 쉬어 가는 타임.,0
8902721,영어인데도 발연기를 알겠음...,0
5526243,원작을 말아먹은 영화 ㅋ 연기가 너무 구림,0
7307327,저는 2D로 봐서 좀 아쉽지만 4D로 본다면 존나재미있을것 같네요!!!!!!!!정말 재밌었어요,1
2574987,루지했;,0
6609135,파리텍사스에 이어 도입부만으로도 베스트 3위안에 드는 작품.,1
6108612,내가 평점좀 올려주께. 실제여부를 떠나서 이정도면 수작이다.,1
6922462,최고의 미드!!!!!!!!!!!!!!!!!!!!!!!!!!!,1
2804650,만날 이런영화만 만들건가 암담하다..,0
6781285,재밌어요. 대단한 창작욕와 창의성이 본받을 만 합니다. 70먹은 나이에도 여전히 왕성히 활동하고 노트를 여러장 틈틈이 써서 영화 소재로 사용하고요. 17살부터 스탠드업코미디언으로 부모보다 많은 돈을 번 우디 알렌!,1
9917045,여주인공 연기도 어색하고 주변 엑스트라 연기도 어색하다 이영화는 내용은 참 좋은데 구성이 잘못됐다,0
10109777,대한민국 문화계의 치명적인 약점은 애국심이다,0
10126140,한국 sf의 가장 영리한 시도!,1
456150,"본거..진짜후회.ㅠ.ㅠ 안무섭고,재미없고,지루하고,자막개판!",0
8327238,러빙유 사랑해 한순간도잊지마,1
266339,션~~한 영화.스토리는 허접하나 눈은 정말 즐거웠삼 요호~~,1
1410924,ok,0
6090440,비포 선라이즈&선셋 이후로 내 마음속 넘버 투 영화로 자리잡을 듯.,1
10274308,이거 안 본 눈 팝니다~ 인천 직거래 가능~~,0
3584689,제가왠만히재미없어도잘보는편이거든요? 근데진짜최악ㅡㅡ 차라리 그돈으로 밥드세요,0
7493902,진짜잼나게 화이팅하면서보다가 요즘 채널돌렸어요혐오스러워서 여주인공 완전 돌개념 ㅉㅉ작가야 밥은묵고댕기나,0
9001748,1점도 아까운 3류 영화...남들도 당해 보라고 평점을 높게 주시는 분들! 이러지 마십시오..그리고 최민수가 주연이 아닙니다..대사도 몇마디없고 그냥 아주 아주 짧게 짧게 출연하는 조연같지 않은 조연...,0
8771067,이거 은근히 재밌어요!,1
8319858,재밌게 봤던 드라마네요,1
7362869,"다 봤는데, 아무 재미도 없고 의미도 없습니다. 싸이코풍만 잔뜩 넣어놓고 재미는 하나도 없습니다. 다 보고나서 영 찜찜 하기만하고 C급영화에요. 왜 평점이 8점씩이나 돼서 사람을 낚는지 모르겠네요.",0
1136977,그대 아직도 꿈꾸는 가? 쳇 달려봐라!!!,1
6280747,한수연씨 연기 볼수록 매럭있어요~^꼭 기회가된다면 시사회에서 직접 뵙구쉽네요^^,1
1985351,대단한 상상력이다!! 존경의 박수를,1
1699544,최악의 애니메이션.. 지루하고 재미없고 스토리마저 진부하다,0
7142959,일부러이런모습을굳이,0
10174427,우리딸들 역시 완전 재미지겜잘봤어요,1
3097796,아항..난 어른이라서..재미없더라...,0
1741314,난 아직도 준수했던 1편과의 내용 연관성을 잘 모르겠다.,0
6265489,괜찮은 로맨틱 드라마,1
7926047,연출자의 역량이 얼마나 중요한지 다시금 생각해본다,0
9817520,털보 아저씨의 우정. 하아. 웃프다.,1
4936223,시걸형님... 몇년만에 본 당신영화... 아직까지도 이런영화찍나....,0
522096,느끼한 김재원이 더 망친 영화,0
9769712,홍상수감독을 느껴보려했지만 철학만 가득했고 재미는 없었다 홍상수감독영화는 특유의 재미가 있는데 말이다. 영화제작이 꿈이라면 꿈을 이룬것에만 만족하는건 어떨까?,0
8921440,보다 잤음 레알 어유 무슨 10자 이상 써라고,0
8614276,너무나 순진한 주인공은 둘째 치고 너무나 진부하고 편리하게 진행되는 것은 별로 재미없다.,0
21441,이런거 또나오내,0
8730140,아어어저뉴유ㅜ룯데베뱌ㅗ듀우윙,1
5955277,재미쪙,1
8339160,쓰레기같다 재미하나도없다 억지로 만든 영화같다 비추.완전...,0
9405598,히ㅣ히히 이 영화는 똥이야 똥! 똥발싸!!!!,0
9160149,2시간이 넘는 러닝타임인데도 전혀 지루하지않고 디테일하고 리얼하게 찍었다 특히 후반부는 정말 실감났다,1
3694626,쥐어짜내는 억지 감동은 이젠 그만.,0
10166507,안젤리나 졸리의 마녀 역할이 인상적이었다,1
8562224,환불되지 않는 우정..정말 좋은 영화입니다^^ 전혀 지루하지않아요,1
3295153,군대에서 봐서인지 재밌었는데.,1
9424526,여러나라 사람들이 각국에 대해 소개하니 여행할때나 유학할때 여러 모로 도움이 될까 생각 들고 유익하고 재미 났고 호기심 많이 풀었고 지금도 배고프다.,1
9238452,훋ㄷㄷㄷ꿀잼임!!또 보고싶은 그런 영화,1
3962325,실망이다.,0
4748291,모든걸 삼류로 만들어 버리는 놀라운 경지,0
5242444,졸리는 액션 영화,0
9622285,쓰레기(ㅡㅡ;;;;),0
3914,영화의 영상은 그나마 볼만 하지만 내용의 연결면에선 기대에 미치지 못해요,0
8654376,다들기대하던s씬도없고 내용도별로고뭐이딴영화가다있지최고의낚시영화임진짜,0
10002956,네이버 마일리지 오백원 받기위해 글을쓰지만평점 작성한건아니다,1
129288,조용한 영화지만 푸욱 빠져들게 되는..,1
1142622,"어찌 보면 독특한 소재, 이건 감독의 역량문제다",0
8831400,소중한영화를 알게되고 보게되서 감사할따름,1
8888555,"톰크루즈의 영화중에 마이너리티리포트와 이 영화를 최고로 여긴다 전쟁으로 인해 망가져버린 개인, 그리고 그것을 극복해내는 드라마가 감동적이었다",1
2166748,취해버려 삶의 무게를 조금이나마 덜 수조차 없는 아이들,1
8864720,10년전에 봣던 영화인데도 귀자르는 장면은 기억에 남아있는 영화,1
6808750,드라이빙 씬 만큼은 어설퍼 보이지 않는다,0
10178174,이게참.. 보통의 영화라면 주인공을 응원할텐데결말을 보고나니 주인공의 행동이 옳다고만 볼순 없더라...,1
7772727,또 어디 이런 영화 없으려나.,1
7969278,별루다....................,0
3931929,"석유와 테러리즘, 돈과 권력에 대한 복잡하고 흥미로운 이야기",1
228169,이영하짱잼잇음!!!!!!!!!!!♡,1
5430969,"아름다운 영상, 질리지 않는 스토리 그리고 막스 폰 시도우의 나레이션 까지",1
5331081,"3번정도 본것같다 세번다재밌었다 내용도 참신, 배우들연기도좋고 이 영화 꽤 괜찮음",1
8128698,수련할떄랑 왕자랑 싸울떄 남자들이 놀리는데 그반응이 그렇게 귀여울수가없어... 사랑스럽다.,1
5951981,그냥 쓰레기 영화;;;;;;;;;;;;;;; 보지마세요,0
4392060,기막힌 영화에 찬사를 보내는 바이다.,1
6358759,왜 이래 아마추어같이,0
6798001,뀨뀨,0
7845150,달인은무언가한분야에뛰어난사람인데..먹방그것도욕하면서. 그런사람을..유익한정보바랍니다..대충때우지마시고..신뢰도가그닥..,0
9457376,이영화를 왜 끝까지 봤는지 후회중... 댓글에 걸작이니 뭔 소리들 하는데 정말 간만에 아니 내가 본 최악의 영화이다. 졸작중에 쓰레기 졸작임..,0
6806948,이야기가 점점 샛길로 샌다,0
10058991,"봐도봐도 훌륭한 영화, 뷰옥+톰요크의 사운드트랙도 꼭 들어볼것 레전드임....",1
8885433,"결론은 아내몰래 바람핀년이 임신했는데 출산일이야 그런데 중요한 공사까지 겹친게지..현장 총책임 감독관이라는 작자가.,.그런데 일보다 나올 아이가 중요하다면서 때리치고 바람핀년한테 차타고 가..끝~모같은 것들이 연기며 감성이며 두둔하는데 그냥 지루해~",0
7427059,난 저딴 원숭이들 영화에 닉쿤을 넣었단것부터가 화남,0
7429907,영화가 끝난 후에도 두발의 총성이 뇌리에 울려퍼진다. 기타노의 색이 유난히 잘 표현된 영화다.,1
2050719,최근 본 영화중 몇 안되는 수작,1
3957583,반담 영화 중 제일 재밌게 봤다,1
7501433,"새롭지도 흥미롭지도 긴장감 있지도 않은 소재와 스토리인데, 이마저도 정말 느리게 진행해서 처음부터 끝까지 지루함뿐이다. 샤론 스톤은 놀랄 때 너무 오버하는 연기를 보인다.",0
9791769,진짜 평점에 낚였네 하하하하,0
5906279,소설말고 영화로 보는게 나음,1
9334661,보다졸음 지루하고 재미가 없어,0
7418857,알고보니 마누라가 뱀파이어 여전사라는게 함정 그녀의 무력함을 볼수가 없다.,0
9255092,오랜만에 정말 재밌게 보고 있는 드라마.. 한번쯤은 해봤던 말들과 한번쯤은 느껴봤었던 감정들.. 옛날로 돌아가서다시 한번 사랑하고 싶다~ 설레임이든 절절한 아픔이든..,1
3658913,이런 말 별로 안쓰는데 이건 진짜.....허무하고 최악이다,0
245299,감독은 과연 원작소설이나 읽었을까나... 무성의한 기획영화.,0
9987424,소재는 좋은데 내용은 짜증 유발,0
9235948,빨랑 끝냈으면 간절히바램니다. 보고배울게 정말없어요 ...박현지에 연기력도 영아니고 뭔드라마가 이렇게막장이야,0
9666581,너무 풋풋하다.보고나서 입가에 웃음이 나는 영화,1
6549840,자막좀... 이 배우들의 감정을 디테일하게 전달해줄수있는 블루레이 자막좀.....엄청난영화라고!!!,1
9987411,뭔가.. 시대착오적인 리메이크 같다.,0
5426910,테이큰이란 말에 속았음...,0
7740227,진짜 재미있게 봤어요. 최곱니다!,1
10134707,슬프고 먹먹하긴했지만 딱 거기까지였다... 소재를보고 감성팔이에 나도모르게 끌려서보았지만 진짜 작품성은없디 없었다. 모기업의 횡포에 맞서는 가족의 슬픈싸움을다루었다. 하지만 영화가 담아낸 역량이 너무미미해서 고발이 제대로안됨,0
5294864,이건 어릴때봤는데 그 당시에도 유치하드라 ㅡㅡㅋ,0
7573946,버럭버럭 왁왁 끼악끼악 어디가 감동인가? 갑자기 소리지르고.. 눈물 글썽거리는게 감동인건가 ㅎㅎ 알 수가 없네... 어설픈 심파에 어설픈 코메디.. 연기 잘한다고 생각했던 배우들로도 이런 영화가 나올 수 있다면.. 그 역시도 대단하다 할 수 있네요..,0
10180408,정말재미있어요! 감동도있고 바욜소리굳,1
5621544,어린이들에게만 추천,0
1900233,정말 다시 보고 싶어,1
6181362,불편함은 어디서 기인하는가? 연출? 각본? 상스런 의도? 시아란 힌즈는 늘 반갑다.,0
8010985,성인남자를 펑펑 울게 만든 영화,1
3138021,무조건 보셈,1
3145399,의외로 재밌음ㅋㅋㅋㅋ,1
9798539,1점도아깝다진짜ㅡㅡ보고기분나빠진영화,0
9607806,안보면 후회할 영화... 누구든..,1
10271643,재밋네요ㅋㅋ추천합니다,1
9912579,쓰레기 영화쓰레기 영화,0
7963766,초등학교때 이영화를 보고 마지막 장면만이 내 머리속에 남아있었다.시간이 지나고 나는 이영화내용도 제목도 기억하지 못한체 그냥 그장면만 머리속을 되네이고 있었다. 이영화라는 사실을 알고 소름이 돋았다. 마지막 북경역에서의 연주는 죽기전까지 기억될거같다,1
9769728,왜 많은 영화 관계자나 배우들이 이 영화를 보고 배우나 감독의 꿈을 키웠다는 줄 알겠다,1
4223172,태어나서 이렇게 감동적인 영화는 처음이다,1
9429038,"돈주고는 보지 않을 영화. 돈주지 않고도 볼 필요없는 영화...스토리도 엉망이고, 연출도 영~ 아니다.예고편은 정말 그럴듯 하게 짜집기를 해 놓은 것.",0
10172627,엄청 잼잇엇다. 귀엽고 내 친구같은 느낌,1
9587580,"아름다운 영상과 매력적인 남,여 배우들만으로도 행복하다.",1
1978724,시걸이랑 자룰있어서 그나마 2점,0
6808078,저때로 돌아...... 초호화 캐스팅도 아닙니다.,0
1503085,클루니는 역시 군인장교역에 최고로 잘 어울림. 남자가봐도 너무 멋있어.,1
9973903,내 생 최고의 한국 영화.,1
3166590,영화를 보면서 내가 멀고 있는가 싶었다.....정말 최악의 영화.......넘 잼없당....,0
9747333,하...나루토라서본건데 스토리개막장...전개도 노이해..,0
8762455,마지막 장면 때문에 10점,1
7380475,으리없게 해체해서 1점,0
9471129,박유천 유승호연기짱!!,1
6031844,몇년전에 극장에서본건데 아직도 돈아까워서 눈물이 줄줄난다.이것이 나의 복수다!!!!,0
10007506,"이렇게 뜻있고 훈훈한 소재를, 이렇게 좋은 배우들을 섭외시켜 놓고도 , 이 정도로 밖에 못 그려내다니.. 백퍼 연출가 탓 ... 촬영한거 십분의 일도 못 살린 영화..",0
8665855,마지막 택시에서 솔직히 표현하는 셀린느에 용기~나에게도 그런 용기가 있다면..,1
8920665,"잔잔한 힐링을 주는 영화네요. 오구리 슌이 나오길래 우연히 봤는데, 정말 몇번째 다시보는지 모르겠습니다 ㅎㅎ",1
887423,음악이 너무 좋았습니다. 공감가는 내용도 많았고..,1
9684368,"친구랑 봤는데 둘 다 개흥분!!! 오언조, 장가휘의 빛나는 미모보다 더 빛나는 연기!!! 그리고 강렬한 화면, 흥미진진... 2 나왔으면 좋겠다 쀼잉쀼잉",1
10250229,재밌어용ㅎㅎㅎ흥미진진,1
9735331,올리비아 핫세만으로 충분히 10점ㅋㅋ최고의 고전 영화,1
6067731,"Alien, Terminator, Robocop, Total Recall도 한참 지난 95년에 이런 허접SF영화가..",0
1498699,줌인 줌아웃 -ㅅ-,0
9796531,성룡이다 성룡 액션이다 액션,1
9342997,...진짜보면서 한치의결말도 예상할수없는 전개였다 뻔하지도않았고 예상이뒤집어질때마다 소름이;;진짜 짱이라는말밖에는못하겠음ㅜㅜㅜ,1
6294642,단지 관객을 우롱하기위한 기분나쁜 반전. 감동도 없고 재미도 없고.,0
4876463,막판의 IQ 200 드립에서 너무 황당해 웃음이 터져나옴,0
8913980,시리즈가 거듭될수록 에이리언도 뭔가 더 발전한 모습을 보여주고 이전보다 향상된 CG를 볼 수 있다.,1
5796279,재미없어..,0
9249415,처음에 봤을 땐 이상한 영화라고 생각했는데 보면 볼 수록 마음이 아리고 평화롭다. 사랑스러운 영화,1
486578,이해에 이르는 각고(刻苦)의 과정을 아름답게 담아냈다.,1
8708938,에드워드 노튼의 부드러우면서도 강력한 카리스마를 엿볼 수 있는 영화. 스킨헤드의 영웅이며 극단적인 사고로 자신의 인생과 가족을 망쳐 버린 데릭. 다시 시작하려는 그의 가족. 하지만 증오는 증오를 낳아 동생인 대니가 화장실에서 총에 맞고 사망하는 결말.,1
9304910,이거 뭐야 완전 수면제잖아,0
4744779,반전은 뻔하지만 이영화평점이 깎이진않음 이영화의 매력은 반전에 있지않기땸앸ㅋ,1
9810119,싱글즈에 이어 이번에 커플로 만난 김주혁과 엄정화. 제목만 드럽게 길다. 김주혁 출연 영화도 대부분 임팩트가 없고 지루함. 그래도 광식이동생 광태는 그나마 괜찮음,0
7413874,청소년영화의 고전. 싱그러운 유경아..,1
8405998,재밌게 잘 봤다. 우유부단함의 극치ㅋㅋ,1
7116938,몇번을 보아도 가슴은 먹먹하다. Life goes on .........,1
1804299,이렇게 연출하면 안된다는 대표적인 사례가 되는 영화.,0
4463379,왜냐고? 아무이유없어,0
6240661,닥치고 장국영 하나로만의로도 이영화는 나에게 성공했다,1
10186254,공백을 제외하여 10자,1
1871949,이거보느니 프루나에서 야동쳐서 아무거나 클릭하겠따,0
9720863,남주랑 여주랑 한번 진하게 박아야 말이된다...양키영화치곤 얌전한 듯. 한국영화가 더 박음. ㅋ,1
7446649,1점도 아깝다 방금봤는디 웃겨가지고 내가진짜 시간버린게화가난다 배우들이 불쌍해 저딴각본에 맞춰 연기하려니 감정이입이될리가있당가,0
10031362,아놔 3류도아닌것이 거저 웃음만 젠장ㅋ,0
5435798,재밌게 보신분들께 미안하지만 진짜 평점에낚인기분...최악..,0
6767654,게리 올드만은 돈만 주면 작품이 어떻든 상관 안하나보다,0
8617841,이번 작품은 뻔하고 이상한내용에 감동성만넣어준 만화영화같다 난 솔찍히 도라에몽 왕팬이지만 아번것은 좋게봐둘수없다,0
3705277,막장 더빙 금지령이라도 내려야 할것같다.,0
1386788,배우들의 오버연기를 부추긴 감독은 반성하라~!!,0
9802752,미션 종료! 와 함께 그도 이제는 '진짜' 아버지가 됐다.,1
950949,나나코 완전 내 이상형..ㅠㅠ 소리마치..... 나쁜놈..,1
3343455,소름끼치도록 형편없는 ‘쿵후덩크’보다 쬐~끔 나은 수준.,0
9629697,뭔가 두리뭉실한 옹박의 아류작,0
10201464,무시무시한 느낌을 잔인한 장면이 별로 없이도 무섭게 만든다..75년이면 새마을 운동 할때이니... 참...,1
8343978,쉽게 다가갈 수 있는 영화는 아니지만 보고나면 자꾸 생각나고 우울해지면서도 멋있는 감정이 들게 만드는 영화. ost는 정말 잘 뽑아냈다고 생각됨,1
5429650,마지막에 죽은줄 알았던 미친장애아가 다시 살아나는 질질거리는 것이 완전 짜증 났다,0
4274401,bakseryung님 다 돈벌라고그러는거에요,0
6240580,스타일과 캐릭터 구축의 실패,0
5527116,정말 피튀기게 패주고싶은 영화..한마디로 쓰레기..,0
5724695,재밌네요~~~,1
7315868,최고의드라마,1
279852,어렸을적 무척 재밌게 봤던영화.. 지금도 소장중...,1
144150,형편없는영화 ..전형적인 그들만의 잔치..,0
9036151,어릴때부터 재밌게 봤어요,1
9492723,"국가권력이 한 개인의 생사여탈과 권리를 좌지우지할수 있는 권한이 있을까 권력의 생리는 기득권유지이고 무고한자, 정치적 반대편인자를 죽일수 있을 가망성이 얼마든지 있고..수사부터 법체계까지 인간이 인간을 재판하는것이 어불성설일수도",1
7881775,자다가 콧물이 주룩주룩,0
1369676,돌프 람보버젼이라고 해야하나ㅋㅋ부시맨 우정출연?;;,0
7549378,우연히 채널 돌리다 빠져들어 계속 봤는데..10년전 그시절이 생각나게 하는구나..,1
9754868,주연배우의 연기력이 이 영화 그 자체! 그저 감탄만 연이어 터져나온다,1
1438656,굿굿 -ㅅ-b 명절때 매일 보는데 볼때마다 재밌다!!!,1
6630881,시간이 남아돈다면 무심코 보길 바람,0
10014222,배우들 연기는좋으나 연출이딸림,0
8170441,감동임돠...흑흑...,1
4376181,극장서 본영화중 돈아까워 열받은 영화중 다섯손가락안에 드는 영화다,0
5699237,"참 다들 부지런하시기도 하다.내생에는 나도 이렇게 부지런해봤으면,좋겠다.정말이야.",0
9377669,사랑과 전쟁 극장판. 불륜은 아름답지 않다.,0
10249758,억지스런 떠밀기...,0
10114209,굳이 꼽자면 내 인생의 최고의 영화였다,1
5749375,특수요원 존 자니 유타? 완전 미친 또라이 새끼네.. 지 꼴리는 대로야.. ;;,0
3102558,전 신밧드 가 이세상에서제일잼있어서 아빠한테usb달라고해서신밧드만봐요~!,1
305764,좀 너무 하긴 하네여..ㅡ.ㅜ,0
6090088,자옥여사의 사투리빼고 좋음.,1
8258891,굳이 벗지 않았으면 풍자극으로는 중박,0
7257440,제가 보기론 대왕의 꿈은 너무 막장 스토리이고 제작진들이 역사를 제대로 모르시는 듯 ;;,0
8832485,와~ 이런 것도 영화라고... 차라리 뮤직비디오를 만드는 게 나을 뻔,0
9588241,글쎄..? 캐스팅이 맘에 안든다. 차라리 류승범과 조진웅을 반대로 캐스팅했으면 어땠을까 하는..,0
8476963,정말 소름끼친다!!!,1
8679014,환장하겠네.. 그닥 섹시해 보이지도 않으면서 액션은 초딩 수준이고.. 뒤로 가기 하면서 10분만에 다 봄,0
9943250,전당포는 안하시는 우주파괴급 파워 아저씨,1
4312716,장난하냐????????????????????????,0
7516050,중학교 시절 무한한 생각을 하게 해준 영화,1
4502323,평점조차 주기 아까운 영화...1편과 비교조차 불가능한 이상한 영화...,0
5317069,말이안나오는영화다.. 정말 재밌다! 내 점수는 11점!,0
9450203,눈물나게 아름답고 감동적인 성장 드라마. 한국 퀴어영화의 걸작.,1
4304666,돈 기죽지 말고 오늘도 화이팅!,1
2573540,"대한민국 교육현실 풍자에 조폭코미디를 더했는데, 결과는 마이너스 효과",0
10164220,전지현 나오는영화는 그닥이라안보다가..암살본후 급궁금해져서본영화..하정우랑 한석규는 뭐 갓오브갓이구..전지현이 이토록연기를잘하는지 몰랐음...씨엡만찍지말구 영화좀다작으로했음 여자하정우는됐을텐데..전지현다시보게되는영화..내용도좋구..북한말은 잘못알아듣겠,1
9563957,개졎걑이 재밌다 레알굳,1
5195650,김생민한테 낚임ㅋㅋㅋㅠㅠ,0
9543043,다시 또 봤네 재밌다 노래좋음,1
7618403,뒤늦게 응칠보게됨 넘 설레여ㅋ서인국 앓이중ㅜㅜㅜㅜ,1
6741825,군사영화치고는 너무 재미없다...,0
6034867,오스트레일리아영화 정서적으로 안맞느건지 정말 애매하고 이해하기 힘든영화넹,0
3301551,아직도기분이알딸딸하다..그러나김C는분명미스캐스팅,1
7562103,유다인씨 연기 정말 잘하시고 드라마보면서 보통이란걸 몸소 느꼈습니다 마지막에 이뤄지지 못한게 여운이 남네요,1
2278080,"재미있었슴..ㅎㅎ 언제봐도 택시 변신하는건 쩔음.,ㅎㅎ",1
3841366,이 영화를 만든 제작진 일동에게 조의를.,0
8866970,정말 많은 애니를 뵛지만 역대 최고 !!!이노리와 슈만큼 내게 와닿는 인물은 없음,1
1943102,다이 하드나 스피드보다 더 재밌다고 생각하는 영화 ㅎㅎ,1
6726711,1점도아깝다 OOO기다진심 중색기말존나많네 까버리고싶음,0
7120404,슬프다..,1
28812,램버트의 신비로운 눈빛연기와 아름답고 슬픈영화,1
10007563,미리미리 조심합시다. 의심받을 짓도 하면 안되겠구만,1
796045,어이없었다..강리나가 아까워,0
9956289,정말 오랜만에 본 애니인데 보길 잘했네요,1
2822930,진짜 별로다 안보는거 추천.,0
926582,이거 점수 왜이래? 재미가 쏠쏠했는데~,1
5278522,"액션이고 나발이고, 정말 소름끼치게 재미없다....",0
3608726,ㅋㅋㅋ 평점깨기,0
6437146,재미가 없긴했음,0
8585142,미친..이걸 돈 주고 봤다니...무료로 제공해도 시원찮을 판에..,0
3287831,불필요한 진실속에 진정한 진실을 잃어버린듯 다소 과장된 몇가지는 조금 아쉽다,1
7681915,평가는 의미없음 좋은 영화 감사합니다. 잘 보았어요,1
8460181,아들들이 공룡을 조아라해서 보러갔는데 잼없어요 ㅜㅜ 허루내용도 없고ㅠ영상도 별루고 우리나라ㅜ점박이가ㅜ100배나음 돈 아까워요 나중에 돈주고도 다운받지말고 무료일때받아서 보세요 헐 ~~완전아님,0
10021774,내 세상은 상류사회가 아니니까,0
3292659,봉태규만 안 나왔어도 점수 조금은 더 줄 용의 있다.,0
6278425,해피 엔딩으로 해주지ㅜㅜㅜㅜㅜㅜㅜ 무언가를 생각해보게 하는 잔잔한 영화,1
8205464,보면 볼수록 재밌어서 빠져드는 드라마,1
5534883,내가 감성이 메말라서 그런가.. 분별력이 떨어져서 인가.. 2% 부족,0
7805063,짧아서 아쉽지만 여운이많이남는드라마 보고있는동안 너무즐겁고 힐링?이된달까?,1
8620679,아 길다길어 잼없는 영화의특장 길다,0
5537,재미없다.,0
2057277,김진명씨의 말대로 한국이 돌아가면 우리는 더 못된 나라가 된다.,0
7866349,여기서 바이슨 양복간지 그리고 겐이 협력자,1
329040,제데로 망한 영화,0
8859906,진짜 재미있어요.아이돌이 힘든 내용을 잘 나타낸 것 같아요.,1
6320534,요즘 일본 영상물 분위기에 꽤 익숙해졌다고 생각했는데 이건 진짜 아니다 ㅡㅡ,0
9081000,나에게 있어서 최고의 애니였다 30번이상 다시 봤던 애니...,1
7626136,"내용은 슬픈내용이맞는거 같은데 눈물이 날래야 날수가없다.스토리 몰입도가 상당히 떨어지고 스토리전개가 매우 열악하다.코믹,감동 두가지욕심내다가 말아먹은듯",0
301838,재미없음. 평점 완전 거품이네,0
4438703,"배우로서의 이름값을 버리고, 섣불리 영화를 얕보지 않은 감독 유지태.",1
7669621,재미있어요^^,1
9177485,개꿀재밋다뿌잉최고임,1
8193519,두 번이상 봐도 재미있는 영화다.,1
8902801,지극히 평범한 서부영화,0
6357078,재미가 없고 잠이 막 왔었다.,0
5915411,에휴 ..,0
2971122,zzzz재밌네,1
9110969,에밀리 블런트 그냥 잠깐나오는 특별출연 수준이네...,0
10242725,7년이 지나도 계속계속 보고 싶은영화!!!!,1
7361800,...재밋다,0
8257380,미국애들도 추악한진실을알리기도하네요 굉장히재밌게봤습니다,1
9479384,0점은 없는건가....,0
8750783,"롯데 강남에서 봤는데, 다운 받아서 봐라. 마누라와 딸 캐릭터 수영복 & 엉덩보는 걸로 겨우 버텼다.",0
1579881,어설프다 많이 어설프다. 남경이가 그나마 좋은 연기 보여줬다.,0
7677333,이건뭐 하울의 움직이는 성도 아니고....... 참,0
3335873,단편영화의 틀을 깨버린 추억속의 살아있는 유쾌한 영화,1
9533218,이 만화는 정말 소름끼치는 추억의 만화중에 하나이다!!,1
8661055,"과장된표정과 어투 개연성 부족한 스토리, 한편의 사이코드라마",0
7659822,평점낮은 이유를알겟당.. 저팔계같이생긴애가 선수라니.. 스토리는 좋은데 구성력이 비스트보이즈보다 한참못따라오는듯 ㅡㅡ,0
375122,1편의 포스를 따라가기는 역부족,1
1449762,첫사랑의 설렘속에 묻혀있는 노부부의 진정한 사랑,1
6591079,의문만 남기고 끝나버리는 영화지만 미스터리한 분위기가 좋았다,1
9913590,재밌었음 심리묘사가 좋았다 아만다 연기도 좋았고,1
6426580,김재중의 연기 변신이 기대되는 작품... 근데 재미는 없어요,1
3808496,비극을 위한 비극.,0
9856750,1분만 보면 영화의 모든걸 볼수있음,1
9108565,뭔가 '소셜 네트워크'느낌 같다 단지 성공한 기업인에 인생을 알아서 뭘 하려는지도 모르겠고 뭔가 철학적 의미는 머리가 않좋아 이해를 못하겠네 아니 그런게 있었나 근데 잡스 배우분 진짜 않닮음,0
3480841,똥이 똥을 싸다. 배우들 발연기에 함량미달 감독,0
7777959,TV상영종료후 1년뒤에 극장판이 나올정도의 초 대작.TV편의 설정오류 수정과 새로운 씬 추가가 주된 볼거리. 마마마는 어른들을 위한 애니이다.※우측의 리뷰를 보고 애들과 함께 볼려고 한 분들에게는 절대로 애들에게 보여줄 작품이 아니라고 강력히 주장한다,1
9984871,2편을 먼저 보고1편을 나중에 보았네요~자그마한 텃밭이 있는 집에 살고 싶어지게만드는 영화네요!,1
7225523,이 영화는 크라우저씨에 대한 모독이다!!!!!!!,0
9686582,늘 발전하는 그림체 그래서 좋아요. 독립영화를 지지합니다. 더욱 멋진 작품들 많이 만들어 주세요.,1
9569584,네이버영화추천해서 봣는데 ? 영화가 아니라 미국아침드라마 ?네이버쓰레기 평점쓰레기 ? 열받아서 평점쓰기는처음? 남주도 포르노배우같은 쏘리 ?,0
8168253,우리 결혼했어요는 출연자에게 해서는 안 될 욕설을하고도 사과조차 하질 않으시네요. 응당 사과해야 할 일이 아닙니까? 제작진의 공식적인 사과와 출연자의 하차를 요청합니다.,0
8545200,현실적이고 재밌어요 연기도다들잘하셔서 몰입이된다는ㅎㅎ무척달달하고 굿!♥,1
1057933,어릴때 무척 재밌게 봤던 걸로 기억...,1
10161365,"진심으로 농담 안하고, 이게 무섭다고? 진짜 1시간 20분 가량 지루함에 하품을 했다. 물론 꼭 귀신이나 어떤 존재가 나와야 무서운 건 아니지만, 이건 진짜 너무할 정도로 안무서웠다.",0
5166184,영화의 완성도는 떨어지지만 내용은 갈망하는 마음을 잘 다루었다는,1
7430301,PPL 조금 자제좀 하지,0
2269561,어릴떄 비디오 빌려본 기억난다. ^^ 잼께 본듯함. 잘 모르겠지만,1
10214348,좋아요 좋아 요 짱좋아요,1
10217636,최고의 영화도 다시 봐도 감동,1
6493201,일단 배우연기지도 및 연출 너무 못하셨구요. 카메라 샷들은 좋은 샷이 하나도 없네요. 제가 궁금한건 이런식으로 했는데 제작을 어떻게 들어갔을까? 이런거? 무튼 좀 무리수가 많았습니다. 감독님이랑 차 한잔하고 싶네요^^,0
2661661,너무 현실적이여서 싸울땐 보다가 내가 화날정도였음 ㅋㅋ 초현실적연애영화,1
6683834,욱일승천기 배경의 일본 문화안에서 파닥거리는 독일인 부부이야기 ... .,0
804894,달고나 커플..지대..,1
8968768,나름 볼만 한거 같다. ㅎ,1
1762133,돈아깝다,0
6574628,0점도 만들어라..네이버야..,0
10252703,이거 두개 이상 준 애들 재정신이냐.... 아 잠을 잘걸 존나 시간아깝네 이시간에... 하...,0
8922968,병맛 끝판왕이닼ㅋㅋㅋ,0
9738855,".... 풉ㅋㅋㅋㅋ,",0
7905075,1편은 중간 정도 재미이고 2편은 좋았는디 3편은 영 지루하네유.,0
9388034,더빙은 괜찮은데 스토리가 완전별로다 ㅡ;) 코믹한부분이나올때도 뻔하고 왠진 맥스도 악당과 한패인게 뻔하다라고나 할까? 완전,0
3865199,"코믹어드밴쳐무협.. 유치한 개그, 부실한 어드밴처.. 극의 구성은 3류..",0
6217429,"톰 행크스는 그렇다치고, 코엔형제에게 매우 실망했다.",0
4267706,진짜 사랑을 느끼게해준 영화....,1
4761353,완전 신기합니다요^^ 고래 눈이 그렇게 깊은 줄 몰랐네용,1
6191859,소설은 읽은 사람이라면 알 것이다. 내가 왜 빵점을 주는지를.......,0
800693,"너는너, 나는나, 본질은 이거. 결말은 허무 그러나 여운은 길다",1
5308545,너무좋아요♥!^^~,1
5111505,일본 ㅆㄹㄱ 영화,0
9749816,평점 높네.. 솔직히 극장판 중에 제일재밋긴하지 제트가,1
8762062,강용석씨 64회 문제 본질은 보지 못하고감정에 휘둘려 말 하고 있는데잘라먹고 비판은 논리적으로 해야지우기는게 아닙니다 이번회 보고 너무 실망스럽네요강용석씨 프로그램 다른것도 보기 싫어지네요,0
3382640,닥치고 김사랑 차냥,1
6568031,니따마따 뽠딴!!! ㅋㅋㅋ 개중태~!!!,1
8385293,착한예능~~~월요일이 기다려지네요 ㅎ,1
6644767,졸작임에도 불구하고 팔이 잘리는 찰나 터져나오는 격정미는 예술!.,0
8551932,잘 나가는듯 하다가 막판에 지나치게 오버스럽게 나가고 만다,0
8820451,평점 너무 높다 8점대 받기는 좀 그르타,0
6926151,"이런걸 보고 유식한 말로 데우스 엑스 마키나라고 한다.무슨일이 일어나도 이상하지 않은 영화.그게 이 영화의 궁극의 패착이다.아무것도 신기하지 않은게,신기한 점이랄까?보다보면,에라~될대로 되라...하고 진지하게 영화보기를 포기하는 지점이 반드시 생겨난다",0
8120415,지드래곤이 좋지도 싫지도 않는 1인입니다만..지금까지 본 다큐영화중엔 최악이네요..운영VIP님 지드래곤 싫다고 평점 1점 주는 사람 뭐라하기전에 지드래곤 좋다고 평점 10점 주는 자신들이 먼저 반성하세요..저처럼 평점에 낚이는 사람 없도록 1점줍니다,0
9550433,진짜재밋다ㅋㅋ 근데어린애들이 보면 진짜무서울듯ㅋㅋ나도무서웠다 ㅋㅋ ㄹㅇ 스릴감 굿,1
5156936,로그인하게 만드네요... 간만에 본 정말 괜찮은 영화였습니다..,1
9420530,중경삼림을 너무 노골적으로 카피한 졸작.,0
6670865,애써 생각하지 않아도 될영화라면 이영화는 그 연출의도에 아주 합목적적이다 밥부터 반찬까지 다 떠먹여준다,1
9669810,제목은 어느 바보가 번역한 거여. 에바 그린 몸 말고는 볼 거 하나도 없네유.,0
1252628,소재는 웃기는데 정말 재미가 없다,0
9556839,일본가 이런말할 자격이잇나?,0
5757610,띵똥~,1
10056824,월터의 상상이 현실이 되지 않아도 된다. 값지다,1
1783651,1편의 매력을 잊지 못하는 관객에 대한 테러행위...,0
6327288,이 드라마에 감동받지 못하고 평점을 낮게 준 사람들이 불쌍할 정도로 재밌었다.최고,1
527342,유치한 스릴러,0
8171849,"(브라이언 싱어의 손에 의해)슈퍼맨은,죽었다.이건 명백한 지옥같던 쓰레기 슈퍼맨 4편보다 더한 졸작이다.잭 슈나이더 버젼은,명백한,@슈퍼맨의 부활@이다.엑스맨의 신작도,난 개인적으론,전작의 감독을 원했다고...퍼스트 클래스 속편 망쳐놓기만 해봐라...",0
1722845,정체를 알수없는 어중이 떠중이식의 구성은 참 힘이 들구나...,0
9434805,지금까지 12번은 넘게 본 영화입니다.우울할때 이영화를 찾게되고 기분전환이 되어 가끔 찾아봅니다.,1
9476879,미녀의탄생 의문제점 개연성 많이 부족. 억지로 스토리를 이어가려고하고.갑자기급변하는 캐릭터의성격도 마찬가지. 90년초반에 나올법한 오그라들고 진부한 대사..처음엔 전개가 단편드라마인가 할정도로 빨랐지만지금은 질질끄는전개.한예슬이뻐서보려했지만 도저히ㅜ,0
8383923,전문가 양반들 너무 한거 아냐?힘들게 만든 영화 일점이 뭐냐 ㅋㅋㅋ아...정말 노력이 가상해서 2점 준다..난,0
3578517,쓰래기다 쓰래기...........................................,0
3606446,억지...억지....,0
8370459,정말 재미 있었다. ㅎ 다음에 또 볼까?,1
10011058,시간은 물론이고 전기가 아까워 죽을뻔....,0
2366643,그 엔딩곡...,1
5019284,여전히 귀엽긴 하지만 음.. 애들도 별로 안웃겠다,0
4833916,이때 완전 광팬이어서 비디오를 사서 10번도 넘게 봤다는 ㅎㅎ,1
8556897,마약이라는것때문에 일어나는 많은 문제들을복합적으로 잘표현했다사실적으로 표현하면서 지루할수도있는데몰입도가 대단하고 마약에 대한 현실적이고 다양한문제를 잘 표현한 수작이다 마약에대한 현실정책의 실패를 사실적으로표현하면서도 희망의끈은 놓지않는..,1
6261290,뭐냐..쥰나 슬플줄 알았떠만 찡하지도않네 정우성은 언제 디져버린거야;;,0
7428029,데이빗토히최고,1
7096481,배우들이 하나같이 다 매력적인 영화,1
9561172,역시 미야자키 하야오 작품은 진짜 재미있고 감동적이면서 괭장히 그림체도 좋고 와...감탄사가 절로 나옵니다.,1
5098254,추천할만한 미드에요!ㅋ,1
1412396,보는 내내 지루했다,0
10260003,kbs에서 틀어주길래 30분?좀넘게 보고있는데 도저히 답이안나온다.. 저녁에먹은 볶음밥이 십이지장에서 올라오려고 한다..,0
8190539,연출력이 너무 떨어진다,0
10235312,이런 병맛 영화 같으니라고.,0
6361614,중간에 꺼버릴 수 밖에 없었던 영화.,0
7345590,신현준 팬이지만 이제 막가자는것인지 참 너무 안타깝네요 보는내내 참 안타까움이 시나리오도 형편없고 비싼돈주고 배우 섭외해서 꽁트 찍은거같아오 1탄이후 최악이네요 물론 4탄5탄 연속 최악이지만요,0
8345870,삶을 되돌아볼 수 있게 하는 영화. 많은 분들이 보셨으면 좋겠네요,1
9326151,그저 그런 영화~@.@,0
5990662,"강인한 신부님들 위태로이 떨던 몸은, 내 신앙의 부재로 언젠가 내 정신의 현실이 되겠지.",1
9203805,어머니에게 감사드려요ㅜㅜ,1
9762072,평화는 마지막까지 신애에게 허락되지 않았고 그녀를 집어삼키려는 밀양은 그녀에게 곧 신이 되었다.,1
6387488,이지현 몸매 감상용 쓰레기 영화,0
9246522,염x하고 자빠졌네. 대체 뭘 말하고 싶은지 모르겠더라. 제목이랑 결말이랑 연결은 해뒀는데 그래서? 전달하고 싶은게 뭔데. 감독이 연출하면서도 딜레마에 빠졌다는게 눈에 훤해보였음. 게다가 비급도 안되는 일반인 연기자들은 청자를 더더욱 황당하게 만듬,0
6596661,쥬라기 공원 짝퉁,0
4398013,지자야닌의 전작 '초콜릿'과 비교하면 장난삼아 만든 영화인듯;; 별 두개도 후하다,0
4539622,"욕을 배터지게 먹고 싶은 모앙인 허당감독의 무뇌아스럽고,참으로 바보스러운 연출.",0
9967113,죽느냐 하느냐 그것이 문제로군,0
8600728,환상적이고 그저 눈이 즐거울뿐 아닌 통찰력있는 영화로써 최고!,1
394654,어쩜그리도..........,1
6541752,전쟁으로인한 원주민들끼리 행복과나눔이 사라졌고 군인들 또한 겁내고 무시하는게 인상깊었다 무엇보다 야만 쪽바리를 발라주는게 매우 마음에들었다,1
623989,b급은 커녕 f급도 못되는 최하급영화,0
1987470,이영화보고싶은데 ㅠㅠ 어디서 봐요? ㅠㅠ 찾을수가없어요ㅠㅠ,1
6608316,한창 뜨고 있는 오연서 출역작~~~ 잼나요~~^^,1
6146797,"썩어빠진 영화, 촬영 장비가 아깝고 성균관대의 자리가 아깝다.",0
10263146,마지막에 닉퓨리가 나오고 마블로고가 떠야하는 그런 느낌...,0
8125391,낸시 알렌 이쁘고 섹시하다,0
6926682,본 영화관계자 여러분들도 만드시고 보시면서 참~한숨밖에 안나오셧을것 같네요~소주나 한잔 하시면서 그냥 잊으세요~줄거리 케릭터 설정 상황연관성 특수효과 엔딩 뭐 연기 등등 참~이렇게 다 잘 안맞기도 힘든데~ 휴~ 걍 잊읍시다~다음에 잘 만들면 됩니다,0
5465729,최악,0
10096612,그래서 엑소는 군대에 가야 합니다.,0
2233832,징그러움은 상큼하기까지하고 연기의 어설픔은 깜찍하기까지 한다,1
8035634,대사봐라 미국의 식민지 에휴;;;;북한이 남한을 말할때쓰는 미국 식민지라는 대사꼴봐라. 정치 영화 와 소름돋네 이딴 생각하는 작가나 감독이나 ..데모만 죽어라 하다끝나네,0
9382339,0점 주는이유 발연기가 별로임 목소리도 ㅎㅎ,0
301484,"초반 의미없는 부분전개, 처음과는 상관없는 후반부의 억지결말.",0
10251963,나우시카 라퓨타 센치 원령공주.. 굳이 더하자면 하울까지. 5개 이외의 지브리 작품들은 캐릭터 귀여운거 빼곤 잘 모르겠네요 ㅠㅡㅠ 그냥 가볍게 볼만한 영화,0
6880568,ㄴ,1
9794826,"스토리,감독,연기 다 꽝이요.ㅎ",0
2043267,최고로 웃게해준 영화 웃느라 호홉곤란.... 지금 또 봐도 웃긴다.,1
9611947,본스리즈와 테이큰을 섞었으나 엉성한 스토리로 엉망진창 그자체임. 주인공은 혼자서 할줄 아는건 액션이외에는 아무것도 없음. 주인공의 연기력으로 극복하려 하나 후반으로 갈수록 느려지는 템보는 그마저도 막아버렸다 총체적 난국 그자체...,0
6683404,네로 소년과 늙은 개 파트라슈의 아름답고 감동적인 슬픈 이야기,1
9683905,아부지가 더 잘싸우드만.. 찐따 헤라클레스,0
9834571,뭐지....하...,0
4532686,킬링타임!!킬링타임!!킬링타임!!,1
9977370,와...김래원은 멋있다,1
9239105,사방에 뿌려지는 총알처럼 희미해져가는 흑전사들,0
2942762,여타 전쟁영화랑은 다르다 이 영화의 주인공은 이제 갓 12살이 되는 소년이다,1
6749976,전 보진안아서 몰르는데 농구공들고 오는거 ㅋㅋ 옛날에 봤던 것과 비숫하네요 ㅋㅋㅋㅋㅋ 돈 안날려서 다행인뜻,0
6638906,애기랑 아담이랑 둘다 개귀염ㅠㅠ,1
6469053,나름 괜찮은 영화인데 흥행은 실패,1
3042363,두배우의 매력으로 뻔해도 어쩔수없구만..,1
1954231,평점이 이상.; 인상에 강하게 남았던 영화.추천-,1
6837377,별로 기대는 안했지만 정말 재밌는 영화!!~~@@,1
4893750,목소리에 반했습니다. 프레디하이모어 목소리 너무 좋았고 너무 재밌게 봤습니다,1
9885605,13년전 영화가 이렇게 세련됐다니,1
5155394,쓰레기가 맹글고 찌꺼기가 출연한 최악의 난지도 영화.. 안재환님의 명복을 빕니다.-,0
6342633,다시 보고 싶다.' 평생 잊지못 할 추억의 드라마,1
9034917,친구끼리 칼빵내는 영화가 추억과 으리? 이런 3류 쓰레기 양아치 영화 앞으로 영원이 안나와야 된다.,0
6266946,호러= 보통. 코믹=수준급. 저예산에 이 정도면 수작. 특히 정애연씨 연기 최고!,1
1601674,연기력이...,0
8814374,90년대 에로영화로 퇴보한듯...,0
9891970,지금 평점도 너무 높다..오히려 기대 안하고 본 팔로우가 재미졌음,0
8329836,지금 봐도 정말 재미있는 영화,1
1090802,정말 재밌게 봤음 ㅋㅋㅋ,1
9588452,넘잼있어. 그리고 내가 1등이야.,1
9295704,하....진짜... 더 이상의 희생자가 안 생기길....,0
9728488,3.14가 넘어서다니..ㅠㅠ,0
1907266,훌륭한 배우들로 졸작을 만든 감독의 역량,0
7858853,일주일의 피로를 이 프로로 풀고있는 애청자 입니다 제발.. 연기좀 안되는 분들은 빼주십시요 드라마 집중안되어 채널을 돌리기도합니다.. 전에 연기하셨던 분들로 진정 바꿀순 없는겁니까?,0
8618969,거대회사의 히어로물 중에 가장 최악,0
4817293,싸이코영화같아 ㅜ,0
4138126,아름다운 작품. 많은 사람들이 소음속에서 이작품을제대 감상하지못하는것이 아쉽다.,1
9928382,애초에 기대도 안했고 스칼렛 워치 몸 보려 봤음. 몸 좋더라. 가슴 이뻐. 박찬욱 올드보이는 한국 최고작 같음.,0
9398723,섬뜩 하면서도 재밌네요 페이턴도 어찌보면 불쌍하다,1
4570050,시간낭비..스릴..뭔스릴이야이게 ..ㅋㅋㅋ완전쓔1레기,0
9477235,중간에 나오지 않은 걸 아직까지 후회하고 있다 극혐,0
7934053,완전졸작이네.....혜교씨..ㅋㅋ개싸이코구마..,0
9089772,"줄거리와 내용이 모두 억지스럽다. 힘을 기울인 배우들이 이로 인해 한계에 부딪혔다. 오랜만에, 보다가 중간에 나온 영화로 기록됐다.",0
4471465,간호사의 무책임하고 비윤리적 완전범죄를 향토적 휴머니즘으로 만든 사기극.,1
9117076,정줄놓고보면 이만큼 재밌는 영화도 없을듯. 애들보다도 어른들에게 맞춰져 나온 애니메이션같음. 애들반응은 시큰둥한데 부모들이나 연인들이 와서 숨넘어갈듯이 깔깔거렸음.,1
9903182,진짜 개멋있는 영화!!!,1
9206068,영화 중간중간에 집중안되게 되게 편집 이상하게 해놨네. 그리고 원나잇한 여자하고 그렇게 한다는게 독일에선 자연스러운거냐?,0
8849435,예스잼 굿구ㅛㅜ수구ㅛㅜㅅ,1
4403343,스필버그 1971년 '대결' - 룻거하우어 1986년 '힛처' - 2001년 '캔디케인' 추천.,1
1689405,배우만 바꼈을뿐 전편과 너무 똑같은 줄거리에 실망. 연기력도 영..,0
6730008,저도 팬입니다 조기종영 너무 맘아파요,1
3426069,워낭소리 이후 계속다큐영화만 나오는군...안타까운 얘기라 욕도 못해,0
126301,진짜 잼 있는 영화다,0
8743546,이석철군 재능이 많은 배우네요.,0
7086641,이런 것도 영화라고,0
10044732,그들은 다이빙벨의 투입을 막았다. 오직 진실은 그들만이 알고 있다. 그들이 범인이고 이 사태의 원인 제공자이다. 일단 보라니깐요. 진실은 어디에 있나. 진실을 알려달라. 우리들의 진실 그것은 정의 . 정의란 무엇인가. 무엇이진실인지 다이빙 하고 싶다.,0
10127667,"무거울수도 답답할 수도 있는 주제를 유쾌하게 그려내서 좋았다. 이 영화로부터 삶을 대하는 자세를 배웠다. 아빠가 아들에게 해준 말처럼, 아빠처럼은 살지마 하지만 소신을 가진 어른이 되라.",1
1195458,시시하다,0
8547191,"초반 그냥 에로 , 후반 김기덕 스톼~~일",0
9238262,군더더기 없이 깔끔한 영화,1
3086123,브루스페인의 연기가 일품 스나입스도 좋지만,1
5933507,고통없이 죽을수 있는 고민을 할바에 죽을힘으로 살자,0
6640720,한글제목과 포스터...아무래도 너무 심했다.,0
5480718,질을 떠나서 꼭봐야할 영화,1
7859137,재밋슴,1
8306783,일본하고 독일을 엮지마라 적어도 일본은 나치스처럼 인종학살은 하지않았다.,1
9254424,"가정환경,주위 몰상식한 어른들,,너무나 착한 소녀..그냥 좀 야한 영화 일거라 생각과 달리 한공주필 나면서 다른..좋은 영화 입니다.기대 안하고 봤기에 더 재밌게 느꼈던 영화라고 평가 해 봅니다.",1
7115187,우에노주리이쁘다.헤헤,1
3977723,명대사 : 남의 집 열쇠 훔치는게 취미야?,0
7697133,그냥 c급 영화임... 시간 남아돌고나 슈퍼쥬니어 좋아하면 보시길..,0
5681618,떡밥 과잉 섭취로 배터질뻔 했지만 그만큼이라도 마무리해서 다행,1
6052476,진정으로 울고 싶을 때 선택하시오. 눈물이 펑펑 쏟아 진다능..,0
6477994,재밌다,1
853941,굉장히 재미있게 본 영화.. 굿.,1
6831413,"재미없지만, 여자주인공이 섹시하고 이쁘네! 태국여자들은 원래 하나같이 다 못생겼는데...",0
10276702,곧2편 개봉인데 꼭보시길 완전잼,1
4492647,이거 나오자마자 첨봤을땐 제라드 버틀러가 글케 인기있던 시절은 아니었었는데..,1
7760139,보고난후의 이 슬픈여운이란.. 애잔하고 슬펐다,1
6373651,이걸 영화라고 찎었냐?,0
9856457,주인공이 자신이 좋아하는 일을 한다며 자신의 회사를 팔고 그 돈을 전부 박물관에 기부후 경비원이 된다는 이야기,0
8504146,순백의 변태. 15세이상 관람불가.,0
8632892,영화는 안 봤지만 평점을 낮추고 싶어서.,0
3862548,실망만 가득준 영화.,0
4028746,우연에 우연이 겹치는 말도 안되는 영화. 프로도 어린 시절 본 것으로 만족한다,0
9877187,안뵜는데 리뷰를어떻게써,1
3224687,뻔한 줄거리에 결코 뻔하지 않은 '스타일'.. 참 매력적인 영화.,1
9865987,이건 아니잖아 이건아니잖아,0
5776029,쓰레기,0
1369640,그냥 볼만해,0
9628550,빨갱이들을 위한 영화 쓰레기,0
2151297,웃기려면 확실히 웃기던지...,0
6639596,"매트릭스의 모티브가 됬을정도로 유명, 말이 필요없다.. 근데 아랫놈은 아류가 뭔지 모르나??",1
7170458,"글쎄.... 시나리오 리메이크나 배우들의 분위기, 연기력, 감독의 촬영기법등을 종합해 봤을때 일본판이 나은거라고는 단 하나도 없었다. 너무 깔끔하고 정돈된 마을이 오히려 자연스런 잔잔함을 굳어버린느낌으로 만들었다.",0
4746697,이.... 이 병맛영환 뭐지.......... 역대최고의 병맛인듯....... 대..대단한 병맛,0
8849701,그림체가 매우 투박해서 보기 어두워요,0
10184848,좋았습니다아^^좋아요,1
9989137,여기자가 빼애애애애액! 거리고 불 키자마자 좀비 눈앞에 있음. 그러자 여기자는 아갈 묵념. 그렇게 소리 존나게 질러댔는데도 좀비도 같이 묵념. 그리고 사소한 소리들리면 좀비 졸라게 뛰어옴. 이게 영화냐 ㅅㅂ ㅋㅋㅋㅋ 어이없어서 웃음밖에 안나온다 ㅋㅋㅋ,0
5485632,건진 건 알바 자태 구경 뿐,0
7055392,"음.... 이거 재미없으셨나. 야동 볼 생각으로 봤다가 재미있어서 진지 하게 봤는데, 여주인공도 무척 이쁘고 마지막 엔딩도 맘에 들었습니다. 그리고 성인 코믹요소가 개 웃깁니다.",1
6832131,우주영화 최고의영화,1
413917,좀 허접한 영화죠...,0
10109010,게임을이정도까지재현하다니ㄷㄷ,1
7468258,처음엔 재밌게 봤거든요~ 근데 마지막까지 막무가내인 시어머니와 결단력없이 나약하게만 나오는 윤진이 역할도 정신을 놓은 것같은 선정이 역할에 이제는 질리네요~ 깔끔하게 유종의 미를 거두셨으면해요^^,0
6755651,어렸을 때 백화점인지 뭔진 모르겠지만 어딘가에서 쭈그려 앉아서 봤던 기억이 난다.,1
6301138,식코는 명작이고 화씨 911은 개졸작 쓰레기임,0
356504,이런 영화가 있었다...,0
7934896,몰입도는 좋다. 그러나 좀 더 고어적 요소가 가미되었다면 좋았을 듯. 평점 높이기 위해 10점.,1
10152343,오 잼따 간만에 잼있는 공포물 봤네 후속편 나옴 좋겠다,1
9461294,재미없고 너무 내용이에바,0
10127875,돈이 많고 몸 건강해도 집이 없어 잘 살지 못하는 여자하나 이기지 못하는 무능력한 가장의 모습을 잘 그린 영화,0
9995034,개꿀잼....ㅎㅎ....,1
8266031,처음 시작할 때 혼자서 왜 놀라는거임?,0
382524,역시 가인님~,1
1906143,성룡영화중 가장 재미없었던걸로 기억남,0
7926056,어떻게 그 옛날 영화 반토막도 안되냐... 주인공 여주인공 둘다 에러 ㅅㅂ 시간 돌려내라,0
7523389,쓰레기선동영화 이런거 만드는새끼들 다잡아가야하는데,0
4347496,재밌어요...^^,1
10183605,간만에 괜찮은 한국영화 봤네요 굳,1
10138922,30년 살면서 이나영 닮은꼴도 못봤다. 독보적으로 예쁨 이영화는 이나영 장진 최고작이 아닐까?,1
10166795,지루함ㅋㅋ이러니까흥행폭망한듯,0
7249681,수작이다 디테일도좋았고 오버스럽지않고 덤덤하고한석규 김지수 케미도 좋았다 지루하지않고 캐릭터설정도 굳 이런류의 분위기는 한석규가 갑이다,1
9659771,다시보고싶다....인형극 할 때 나오던 노래 가사도 모르고 내내 흥얼거렸는데 ㅠ 명작도 이런 명작이 없다 ㅠ,1
9590826,쓰레기 영화. 판타지를 그리더라도 현실이 소재인이상 리얼리티가 있어야 할것 아닌가. 이해관계도 없고 알력관계도 없고 사건도 없다. 그냥 좌우세력 모두 나쁘지 않어요. 대통령은 전부 나라를 위해 열심히 일하는 분들이세요~ 하는 감독 개인의 바람만 있을뿐,0
6070647,보지마세요 ㅋㅋ애들장난도아니곸ㅋㅋㅋㅋㅋㅋㅋㅋㅋㅋㅋ,0
6642051,내가 주는 평점이 진리다 ㅋ,0
7517189,감동이잇는것도아니고 내용이 좋은것도아니고 그렇게훌륭한작품은아닌듯,0
9679682,와 아 상어영화 따라오는 감독이 있을까,1
8594664,이거 재미있는게 이해가 안가네,0
10102848,누군가는 벗어야해서 희생한 하주희씨 안타까웠어요. 굳이 필요도 없는 장면에서 그렇게 배우를 써버리다니.. 너무 배우를 아끼지않은게 느껴지네요. 좀 더 재밌게 만들던지. 오지호랑 하주희랑 러브라인을 좀 더 만들어주던지..,0
6854071,전 근대성과 천민 자본주의의 결정체인 한국의 영화계에서 홍상수 감독의 존재는 영화를 사랑하는 사람들에게는 크나 큰 축복이 아닐 수 없다.,1
8505806,이거 재밌다고 추천한 OO 때리고싶다,0
5822705,역시 박정철은 멋지다.연기력도 굿!!!!!!!!!!!!!!!!!!!!!!!!!,1
765229,생각있게 만든 영화마냥 치장하긴.쯧쯧.진짜 영 아니올씨다.,0
7318676,"cuti야. 1편을 봤으니까 좋은영화 망쳤다해놨네. 정독하고 답달고. 니가 재밌게 봤다고 남도 재밌게 봐야하나? 내가 아방할때 킬빌1 에선 50명이 넘었는데 진심, 2부터 꼴랑 몇명 남기고 싹 다 나갔다. 2는 1을 망쳤다. 평점 높아서 1준다",0
7794798,원작에 미치치 못하는 영화,0
7899117,비록 악역일지라도 난정이를 통해서 통쾌함을 느낄 수 있었던.. 다시보고 싶네요,1
8604985,드라마 볼때마다 감탄한다 이민정 조온나 이쁘더라... 후...,1
9297140,물체가 움직이거나 어떤 일이 진행되는 빠르기.,0
4540609,보지마세요 ^^,0
6175680,01:23:39이 부분에 주인공은 차량을 두손으로 날려버림 막컷은 사기로 한건하는군,0
6589003,포스터에 속았다.. 촌스러운 막판 전개,0
8772927,재수없어 조안 정말... 짜증이다..,0
4456003,좋아요!!좋아! 긴장감100%,1
8696211,"이런 부류의 영화를 좋아하고 많이 보지만 최악이다, 매우 전형적이고 식상한 캐릭터, 영화의 기획의도를 망각한 사랑놀음, 자기희생, 1997년도에 나온 콘택트보다도 한참 떨어지는 CG, 오그라든 손발을 한번 더 오그라들게 하는 결말 ㅡㅡ; 최악!!!",0
9365178,이거 평점 낮게 준 새끼들 뭐냐 ㅉㅉ 긴장감 개 쩔고 추리 완전 뒤통수 치는데다 마지막에는 화끈하고 통괘한 액션에 마지막엔 아이러니한 유머러스까지! 간만에 수작 영화 봤따!,1
9612138,미친...REC를 이따구로 망쳐놨어 장난치나 ㅡㅡ,0
8554555,여자평점 예술이네...어떻게 이딴 영화가 9점이냐?그닥 잘생긴 남자배우도 안나왔는데...그럼 다 알바새퀴들인가?,0
8774092,1편 보고 2편이 쓰레기인거 보여준 작품,0
4799337,기억에 남는것은 음악밖에 없다.,0
9814872,희대에 쓰레기영화 내돈 2500원이 아까운영화 암걸리는영화,0
9361752,내용도 뭣도 없는 덕후 뽕빨물. 애니기획사들이 머리 굴려서 작품성있는 애니를 만드는 대신 모에 판치라 뽕빨물로 돈이나 벌자는 마인드를 심어준 작품.,0
8975583,어떤 인생이라도 최선을 다하는 인생은 멋지다,1
8669124,이 영화 무섭다고 했는데 봤는데 진짜 안 무서움.. 낚임,0
2932082,이 쓰레기 영화는 뭥미?????,0
9974773,너무 잘봤음....눈물이ㅠ,1
8441140,재미있어요~ 드라마니까 100%현실적일순없죠 그럼다큐겠죠 일단 오늘8회까지 본후느낌은 이야기 꼬는거 갠적으로 넘싫은데 통쾌하네요 선미가 끼어들어서 아..이들마도 이렇게가는거야 했는데..마지막 장면 넘좋았어요 앞으로도기대할께요,1
3126511,ㅋㅋㅋ 소리마치 멋있다 ㅋㅋ 나나코랑 너무 잘 어울림,1
487386,너희가 이 영화를 봤느뇨?,1
10148507,꾀 재밌는 영화인데..4점대래..기가 막힌다....별 시덥잖은걸로 심오한척 하는 영화는 10점이래구...시걸이형이 몇십배는 더 위대하고 심오한데..,1
8162606,정말 생각지도 못한 반전이 충격적이다 진짜 생각지도 못했다 ....,1
10160321,진짜 화난다 별 하나도 아깝다 이거라도 안하면 글등록이 안되니까 울며 겨자먹기로 남긴다 진짜 제발 보지마시길 뜬금없는 bgm이며..진짜 최악도 이런 최악이 없다.... 같이 본 친구한테 내가 미안할 정도다 될 수 있다면 뭘해서도 시간을 돌려주고 싶다,0
7473044,김희선은 항상 한결같이 맑고 순수한 이미지에 연기실력도 대단한 여자다.,1
8627696,10글자를채우자랄라,1
8925379,제발 다시 이런 드라마 제작 부탁드려요sbs 관계자님들 다른 방송사들은힘들듯 ㅠ,1
9537418,"저에게 있어서 9점이 만점입니다 삶에 대한 회의는 누구에게나 있을 것 같습니다,그런 마음을 한 영화로 정화되는 것을 느꼈습니다 귀한 선물과 같은 영화에 감사드립니다",1
6121921,굿~~,1
