gender,NationalITy,PlaceofBirth,StageID,GradeID,SectionID,Topic,Semester,Relation,raisedhands,VisITedResources,AnnouncementsView,Discussion,ParentAnsweringSurvey,ParentschoolSatisfaction,StudentAbsenceDays,Class
M,KW,KuwaIT,lowerlevel,G-04,A,IT,F,Father,15.0,16.0,2.0,20,Yes,Good,Under-7,M
M,KW,KuwaIT,lowerlevel,G-04,A,IT,F,Father,20.0,20.0,3.0,25,Yes,Good,Under-7,M
M,KW,KuwaIT,lowerlevel,G-04,A,IT,F,Father,10.0,7.0,0.0,30,No,Bad,Above-7,L
M,KW,KuwaIT,lowerlevel,G-04,A,IT,F,Father,30.0,25.0,5.0,35,No,Bad,Above-7,L
M,KW,KuwaIT,lowerlevel,G-04,A,IT,F,Father,40.0,50.0,12.0,50,No,Bad,Above-7,M
F,KW,KuwaIT,lowerlevel,G-04,A,IT,F,Father,42.0,30.0,13.0,70,Yes,Bad,Above-7,M
M,KW,KuwaIT,MiddleSchool,G-07,A,Math,F,Father,35.0,12.0,0.0,17,No,Bad,Above-7,L
M,KW,KuwaIT,MiddleSchool,G-07,A,Math,F,Father,50.0,10.0,15.0,22,Yes,Good,Under-7,M
F,KW,KuwaIT,MiddleSchool,G-07,A,Math,F,Father,12.0,21.0,16.0,50,Yes,Good,Under-7,M
F,KW,KuwaIT,MiddleSchool,G-07,B,IT,F,Father,70.0,80.0,25.0,70,Yes,Good,Under-7,M
M,KW,KuwaIT,MiddleSchool,G-07,A,Math,F,Father,50.0,88.0,30.0,80,Yes,Good,Under-7,H
M,KW,KuwaIT,MiddleSchool,G-07,B,Math,F,Father,19.0,6.0,19.0,12,Yes,Good,Under-7,M
M,KW,KuwaIT,lowerlevel,G-04,A,IT,F,Father,5.0,1.0,0.0,11,No,Bad,Above-7,L
M,lebanon,lebanon,MiddleSchool,G-08,A,Math,F,Father,20.0,14.0,12.0,19,No,Bad,Above-7,L
F,KW,KuwaIT,MiddleSchool,G-08,A,Math,F,Mum,62.0,70.0,44.0,60,No,Bad,Above-7,H
F,KW,KuwaIT,MiddleSchool,G-06,A,IT,F,Father,30.0,40.0,22.0,66,Yes,Good,Under-7,M
M,KW,KuwaIT,MiddleSchool,G-07,B,IT,F,Father,36.0,30.0,20.0,80,No,Bad,Above-7,M
M,KW,KuwaIT,MiddleSchool,G-07,A,Math,F,Father,55.0,13.0,35.0,90,No,Bad,Above-7,M
F,KW,KuwaIT,MiddleSchool,G-07,A,IT,F,Mum,69.0,15.0,36.0,96,Yes,Good,Under-7,M
M,KW,KuwaIT,MiddleSchool,G-07,B,IT,F,Mum,70.0,50.0,40.0,99,Yes,Good,Under-7,H
F,KW,KuwaIT,MiddleSchool,G-07,A,IT,F,Father,60.0,60.0,33.0,90,No,Bad,Above-7,M
F,KW,KuwaIT,MiddleSchool,G-07,B,IT,F,Father,10.0,12.0,4.0,80,No,Bad,Under-7,M
M,KW,KuwaIT,MiddleSchool,G-07,A,IT,F,Father,15.0,21.0,2.0,90,No,Bad,Under-7,M
M,KW,KuwaIT,MiddleSchool,G-07,A,IT,F,Father,2.0,0.0,2.0,50,No,Bad,Above-7,L
M,KW,KuwaIT,MiddleSchool,G-07,B,IT,F,Father,0.0,2.0,3.0,70,Yes,Good,Above-7,L
M,KW,KuwaIT,MiddleSchool,G-07,A,IT,F,Father,8.0,7.0,30.0,40,Yes,Good,Above-7,L
M,KW,KuwaIT,MiddleSchool,G-07,B,IT,F,Father,19.0,19.0,25.0,40,Yes,Bad,Under-7,M
M,KW,KuwaIT,MiddleSchool,G-08,A,Arabic,F,Father,25.0,15.0,12.0,33,No,Bad,Above-7,L
M,KW,KuwaIT,MiddleSchool,G-08,A,Science,F,Father,75.0,85.0,52.0,43,Yes,Good,Under-7,M
F,KW,KuwaIT,MiddleSchool,G-08,A,Arabic,F,Father,30.0,90.0,33.0,35,No,Bad,Under-7,M
F,KW,KuwaIT,MiddleSchool,G-08,A,Arabic,F,Father,35.0,300.0,50.0,70,Yes,Good,Under-7,H
M,KW,KuwaIT,MiddleSchool,G-07,A,IT,F,Father,4.0,5.0,40.0,16,Yes,Good,Above-7,L
F,KW,KuwaIT,lowerlevel,G-07,A,IT,F,Father,2.0,19.0,10.0,50,Yes,Good,Above-7,L
M,KW,KuwaIT,lowerlevel,G-05,A,English,F,Father,8.0,22.0,9.0,40,No,Bad,Above-7,L
M,KW,KuwaIT,MiddleSchool,G-07,B,Science,F,Father,12.0,11.0,8.0,40,No,Bad,Above-7,L
M,KW,KuwaIT,MiddleSchool,G-07,A,English,F,Father,10.0,12.0,17.0,30,No,Bad,Above-7,L
M,KW,KuwaIT,MiddleSchool,G-07,B,Science,F,Mum,8.0,6.0,4.0,22,Yes,Good,Above-7,L
F,Egypt,Egypt,MiddleSchool,G-07,A,IT,F,Father,45.0,54.0,26.0,90,Yes,Good,Under-7,M
M,KW,KuwaIT,MiddleSchool,G-06,A,IT,F,Father,0.0,0.0,0.0,4,No,Bad,Above-7,L
F,SaudiArabia,SaudiArabia,MiddleSchool,G-07,B,Science,F,Father,50.0,90.0,37.0,70,Yes,Good,Under-7,M
F,KW,KuwaIT,MiddleSchool,G-07,A,IT,F,Father,14.0,13.0,3.0,70,No,Bad,Above-7,L
M,KW,KuwaIT,MiddleSchool,G-07,A,IT,F,Father,19.0,20.0,16.0,50,No,Good,Under-7,M
M,KW,KuwaIT,HighSchool,G-09,A,IT,F,Father,10.0,12.0,7.0,33,Yes,Good,Above-7,L
F,KW,KuwaIT,HighSchool,G-09,A,IT,F,Father,30.0,35.0,28.0,90,Yes,Good,Under-7,M
F,KW,KuwaIT,HighSchool,G-09,A,IT,F,Father,33.0,33.0,30.0,90,No,Bad,Under-7,M
M,KW,KuwaIT,MiddleSchool,G-07,A,Quran,F,Father,20.0,12.0,15.0,70,No,Good,Above-7,L
M,KW,KuwaIT,lowerlevel,G-05,A,English,F,Father,7.0,10.0,1.0,30,No,Bad,Above-7,L
F,KW,KuwaIT,HighSchool,G-12,A,English,F,Mum,70.0,4.0,39.0,90,Yes,Good,Under-7,H
F,KW,KuwaIT,HighSchool,G-12,A,English,F,Mum,13.0,80.0,40.0,88,Yes,Good,Under-7,H
F,KW,KuwaIT,HighSchool,G-12,A,English,F,Father,29.0,39.0,50.0,77,Yes,Good,Under-7,M
F,KW,KuwaIT,HighSchool,G-12,A,English,F,Father,20.0,14.0,12.0,70,No,Bad,Above-7,L
M,KW,KuwaIT,HighSchool,G-12,A,English,F,Father,39.0,15.0,16.0,50,No,Good,Above-7,L
F,KW,KuwaIT,HighSchool,G-12,A,English,F,Father,55.0,90.0,16.0,40,No,Bad,Under-7,M
F,KW,KuwaIT,HighSchool,G-11,A,Science,F,Mum,49.0,70.0,19.0,75,Yes,Good,Under-7,H
M,KW,KuwaIT,HighSchool,G-12,A,English,F,Mum,12.0,50.0,8.0,30,No,Bad,Above-7,L
M,KW,KuwaIT,MiddleSchool,G-07,A,Math,F,Father,16.0,14.0,6.0,20,Yes,Good,Above-7,L
M,USA,USA,MiddleSchool,G-08,B,Math,F,Father,19.0,5.0,4.0,1,Yes,Good,Above-7,L
M,KW,KuwaIT,MiddleSchool,G-07,A,Math,F,Father,5.0,2.0,6.0,5,Yes,Good,Above-7,L
M,KW,KuwaIT,MiddleSchool,G-07,A,Math,F,Father,28.0,60.0,19.0,50,Yes,Good,Under-7,M
F,USA,USA,MiddleSchool,G-07,A,Math,F,Father,27.0,22.0,22.0,40,No,Good,Under-7,M
F,Jordan,Jordan,lowerlevel,G-05,A,English,F,Mum,21.0,10.0,28.0,20,No,Good,Above-7,L
M,KW,KuwaIT,HighSchool,G-10,A,IT,F,Father,50.0,70.0,32.0,40,Yes,Good,Under-7,M
M,venzuela,venzuela,HighSchool,G-10,A,IT,F,Mum,80.0,90.0,70.0,80,Yes,Good,Under-7,H
M,KW,KuwaIT,HighSchool,G-10,A,IT,F,Father,17.0,13.0,16.0,12,Yes,Bad,Under-7,M
M,KW,KuwaIT,HighSchool,G-10,A,IT,F,Father,0.0,5.0,7.0,2,No,Bad,Above-7,L
M,KW,KuwaIT,HighSchool,G-12,A,English,F,Father,13.0,5.0,18.0,19,No,Bad,Above-7,L
F,KW,KuwaIT,HighSchool,G-12,A,English,F,Father,25.0,10.0,19.0,30,No,Bad,Above-7,M
F,USA,USA,HighSchool,G-12,A,English,F,Mum,65.0,75.0,23.0,80,Yes,Good,Under-7,H
F,USA,USA,HighSchool,G-12,A,IT,F,Mum,70.0,69.0,35.0,30,Yes,Good,Under-7,H
M,Jordan,Jordan,MiddleSchool,G-07,A,IT,F,Father,39.0,40.0,11.0,33,No,Bad,Under-7,M
M,Jordan,Jordan,MiddleSchool,G-07,A,IT,F,Father,22.0,30.0,10.0,12,Yes,Good,Above-7,L
M,KW,KuwaIT,MiddleSchool,G-07,A,IT,F,Father,29.0,22.0,9.0,20,Yes,Good,Under-7,M
M,KW,KuwaIT,MiddleSchool,G-07,A,Math,F,Father,11.0,2.0,2.0,8,No,Bad,Under-7,L
F,KW,KuwaIT,MiddleSchool,G-07,A,English,F,Father,200.0,30.0,26.0,19,Yes,Bad,Above-7,M
M,KW,KuwaIT,MiddleSchool,G-07,B,IT,F,Father,12.0,0.0,6.0,13,No,Bad,Under-7,L
M,Jordan,Jordan,MiddleSchool,G-07,A,Quran,F,Mum,50.0,90.0,29.0,60,Yes,Good,Under-7,M
M,Iran,Iran,HighSchool,G-09,A,IT,F,Mum,15.0,70.0,37.0,44,Yes,Good,Under-7,M
M,KW,KuwaIT,HighSchool,G-09,A,IT,F,Father,20.0,80.0,33.0,33,Yes,Good,Under-7,M
M,KW,KuwaIT,HighSchool,G-11,A,Quran,F,Father,13.0,3.0,11.0,9,No,Bad,Above-7,L
F,lebanon,lebanon,MiddleSchool,G-07,B,Math,F,Mum,80.0,90.0,49.0,55,Yes,Bad,Under-7,H
M,KW,KuwaIT,MiddleSchool,G-07,A,Math,F,Father,8.0,15.0,10.0,40,Yes,Bad,Under-7,L
M,KW,KuwaIT,lowerlevel,G-02,A,IT,F,Father,8.0,25.0,1.0,70,No,Bad,Above-7,L
M,KW,KuwaIT,lowerlevel,G-02,B,IT,F,Father,7.0,5.0,2.0,80,Yes,Good,Above-7,L
M,KW,KuwaIT,lowerlevel,G-02,B,IT,F,Father,7.0,4.0,10.0,50,No,Good,Above-7,M
M,KW,KuwaIT,lowerlevel,G-02,B,IT,F,Father,50.0,70.0,50.0,10,Yes,Good,Above-7,H
M,KW,KuwaIT,lowerlevel,G-02,B,IT,F,Father,1.0,0.0,1.0,12,No,Bad,Above-7,L
M,SaudiArabia,SaudiArabia,lowerlevel,G-02,B,IT,F,Father,70.0,12.0,40.0,50,Yes,Good,Under-7,H
M,KW,KuwaIT,lowerlevel,G-02,B,IT,F,Father,19.0,70.0,3.0,50,No,Bad,Under-7,L
F,KW,KuwaIT,lowerlevel,G-02,B,IT,F,Father,3.0,12.0,4.0,33,No,Bad,Under-7,L
M,KW,KuwaIT,lowerlevel,G-02,B,IT,F,Father,5.0,20.0,1.0,50,Yes,Good,Above-7,L
M,KW,KuwaIT,lowerlevel,G-02,B,IT,F,Father,4.0,8.0,10.0,200,Yes,Good,Above-7,L
M,KW,KuwaIT,lowerlevel,G-02,B,IT,F,Father,80.0,90.0,55.0,19,Yes,Good,Under-7,H
F,KW,KuwaIT,lowerlevel,G-02,B,IT,F,Father,50.0,70.0,19.0,15,Yes,Good,Under-7,H
M,USA,USA,lowerlevel,G-02,B,IT,F,Father,55.0,89.0,40.0,40,Yes,Good,Under-7,H
F,KW,KuwaIT,lowerlevel,G-02,B,IT,F,Father,80.0,44.0,35.0,10,No,Good,Above-7,L
F,KW,KuwaIT,lowerlevel,G-02,B,IT,F,Father,100.0,80.0,2.0,70,No,Bad,Under-7,H
F,KW,KuwaIT,lowerlevel,G-02,C,IT,F,Father,14.0,60.0,11.0,75,Yes,Good,Under-7,H
F,KW,KuwaIT,lowerlevel,G-02,B,IT,F,Father,6.0,2.0,38.0,12,No,Bad,Under-7,M
F,KW,KuwaIT,lowerlevel,G-02,C,IT,F,Father,10.0,3.0,0.0,30,No,Bad,Under-7,M
M,KW,KuwaIT,lowerlevel,G-02,B,IT,F,Father,50.0,7.0,9.0,50,Yes,Bad,Above-7,M
M,KW,KuwaIT,lowerlevel,G-02,B,IT,F,Father,50.0,90.0,40.0,90,Yes,Bad,Under-7,M
F,KW,KuwaIT,lowerlevel,G-02,B,IT,F,Mum,70.0,92.0,50.0,7,Yes,Good,Under-7,H
F,KW,KuwaIT,lowerlevel,G-02,B,IT,F,Father,2.0,6.0,2.0,8,No,Bad,Above-7,L
M,KW,KuwaIT,lowerlevel,G-02,B,IT,F,Father,1.0,7.0,6.0,10,No,Bad,Above-7,L
M,KW,KuwaIT,lowerlevel,G-02,B,IT,F,Father,0.0,12.0,3.0,3,Yes,Good,Above-7,M
F,KW,KuwaIT,lowerlevel,G-02,B,IT,F,Father,0.0,0.0,5.0,80,Yes,Good,Above-7,L
F,KW,KuwaIT,lowerlevel,G-02,B,IT,F,Father,12.0,26.0,7.0,40,Yes,Good,Under-7,M
M,KW,KuwaIT,lowerlevel,G-02,B,IT,F,Father,70.0,90.0,41.0,33,Yes,Bad,Under-7,H
M,SaudiArabia,SaudiArabia,lowerlevel,G-02,B,IT,F,Father,7.0,12.0,5.0,3,No,Bad,Above-7,M
M,KW,KuwaIT,lowerlevel,G-02,B,IT,F,Father,90.0,70.0,30.0,14,No,Bad,Under-7,M
F,Jordan,Jordan,lowerlevel,G-02,B,IT,F,Mum,70.0,88.0,55.0,40,Yes,Good,Under-7,H
M,KW,KuwaIT,lowerlevel,G-02,C,IT,F,Father,77.0,80.0,51.0,-10,No,Good,Under-7,M
M,KW,KuwaIT,lowerlevel,G-02,B,IT,F,Father,2.0,5.0,3.0,50,No,Bad,Above-7,L
M,KW,KuwaIT,lowerlevel,G-02,B,IT,F,Father,25.0,27.0,0.0,69,No,Bad,Above-7,L
M,KW,KuwaIT,lowerlevel,G-02,B,IT,F,Father,11.0,2.0,0.0,50,No,Bad,Above-7,L
M,KW,KuwaIT,lowerlevel,G-02,B,IT,F,Father,0.0,8.0,11.0,70,Yes,Good,Above-7,L
F,KW,KuwaIT,lowerlevel,G-02,C,IT,F,Mum,77.0,80.0,12.0,19,Yes,Good,Above-7,M
F,KW,KuwaIT,lowerlevel,G-02,C,IT,F,Mum,25.0,29.0,40.0,17,No,Good,Under-7,H
F,KW,KuwaIT,lowerlevel,G-02,C,IT,F,Mum,24.0,35.0,23.0,22,Yes,Good,Above-7,M
M,KW,KuwaIT,lowerlevel,G-02,C,IT,F,Father,60.0,60.0,3.0,60,No,Bad,Under-7,M
M,KW,KuwaIT,lowerlevel,G-02,C,IT,F,Mum,21.0,12.0,0.0,50,Yes,Good,Under-7,M
M,KW,KuwaIT,lowerlevel,G-02,C,IT,F,Mum,0.0,4.0,8.0,30,No,Bad,Above-7,L
F,KW,KuwaIT,lowerlevel,G-02,B,IT,F,Father,66.0,90.0,55.0,12,Yes,Good,Above-7,M
F,lebanon,lebanon,lowerlevel,G-02,B,IT,F,Father,70.0,98.0,7.0,5,Yes,Good,Under-7,M
M,KW,KuwaIT,lowerlevel,G-02,C,IT,F,Father,0.0,6.0,4.0,15,Yes,Bad,Under-7,L
M,KW,KuwaIT,lowerlevel,G-02,B,IT,F,Father,12.0,30.0,0.0,17,No,Good,Above-7,L
F,Iran,Iran,lowerlevel,G-02,C,IT,F,Father,2.0,9.0,7.0,55,Yes,Good,Under-7,M
M,KW,KuwaIT,lowerlevel,G-02,B,IT,F,Father,55.0,33.0,6.0,9,No,Bad,Above-7,L
M,KW,KuwaIT,lowerlevel,G-02,C,IT,F,Father,12.0,10.0,20.0,16,No,Bad,Under-7,L
M,KW,KuwaIT,lowerlevel,G-02,B,IT,F,Father,70.0,90.0,2.0,2,Yes,Good,Under-7,L
F,KW,KuwaIT,lowerlevel,G-02,C,IT,F,Father,7.0,9.0,5.0,30,No,Bad,Above-7,L
M,Jordan,Jordan,lowerlevel,G-02,C,IT,F,Father,80.0,42.0,20.0,50,Yes,Good,Under-7,M
M,KW,KuwaIT,lowerlevel,G-02,C,IT,S,Father,0.0,3.0,10.0,3,No,Bad,Above-7,L
M,KW,KuwaIT,lowerlevel,G-02,A,IT,S,Father,12.0,60.0,0.0,70,Yes,Good,Above-7,L
M,KW,KuwaIT,MiddleSchool,G-07,A,Quran,S,Father,80.0,80.0,15.0,70,Yes,Good,Under-7,H
F,Egypt,Egypt,MiddleSchool,G-07,A,Quran,S,Mum,70.0,80.0,95.0,70,Yes,Good,Under-7,H
F,KW,USA,HighSchool,G-11,A,Quran,S,Mum,70.0,80.0,95.0,70,Yes,Good,Under-7,H
F,KW,USA,HighSchool,G-11,A,Quran,F,Mum,60.0,80.0,50.0,40,No,Bad,Under-7,M
F,Jordan,Egypt,MiddleSchool,G-07,A,Quran,F,Mum,100.0,80.0,95.0,90,No,Bad,Under-7,H
M,Jordan,USA,MiddleSchool,G-07,A,Quran,F,Mum,100.0,85.0,85.0,70,No,Bad,Under-7,M
M,Tunis,Tunis,MiddleSchool,G-07,A,Quran,F,Father,10.0,60.0,5.0,20,Yes,Bad,Above-7,L
M,Tunis,Tunis,MiddleSchool,G-07,A,Quran,S,Father,19.0,65.0,50.0,10,No,Bad,Above-7,L
M,Tunis,Tunis,MiddleSchool,G-07,A,Quran,S,Father,10.0,75.0,55.0,11,Yes,Good,Under-7,M
M,KW,KuwaIT,MiddleSchool,G-07,A,Quran,S,Father,80.0,90.0,55.0,19,Yes,Good,Under-7,H
M,KW,KuwaIT,MiddleSchool,G-07,A,Quran,S,Father,10.0,10.0,15.0,19,No,Bad,Above-7,L
M,Tunis,SaudiArabia,MiddleSchool,G-07,A,Quran,S,Father,70.0,75.0,55.0,11,Yes,Bad,Under-7,M
F,lebanon,lebanon,MiddleSchool,G-07,A,Quran,S,Mum,100.0,75.0,50.0,70,Yes,Good,Under-7,H
F,lebanon,lebanon,MiddleSchool,G-07,A,Quran,S,Father,10.0,79.0,30.0,30,No,Bad,Under-7,M
F,Jordan,Jordan,MiddleSchool,G-07,A,Quran,S,Father,60.0,55.0,30.0,40,No,Bad,Under-7,M
F,Jordan,lebanon,MiddleSchool,G-07,A,Quran,S,Mum,100.0,75.0,50.0,70,Yes,Bad,Under-7,H
M,SaudiArabia,SaudiArabia,HighSchool,G-11,A,Quran,S,Father,80.0,80.0,51.0,59,Yes,Good,Under-7,H
M,SaudiArabia,USA,HighSchool,G-11,A,Science,S,Father,23.0,63.0,71.0,89,Yes,Good,Under-7,M
F,SaudiArabia,USA,HighSchool,G-11,B,Science,S,Father,100.0,91.0,98.0,40,Yes,Bad,Under-7,H
M,SaudiArabia,USA,HighSchool,G-11,B,Spanish,S,Father,10.0,51.0,40.0,40,No,Bad,Above-7,L
M,SaudiArabia,USA,HighSchool,G-11,B,English,S,Father,70.0,50.0,33.0,41,No,Bad,Above-7,M
M,SaudiArabia,USA,HighSchool,G-11,B,Math,S,Father,70.0,58.0,73.0,91,Yes,Bad,Under-7,H
F,Tunis,USA,HighSchool,G-11,B,French,S,Father,70.0,50.0,30.0,49,Yes,Good,Under-7,M
M,Tunis,Tunis,HighSchool,G-11,B,Science,S,Father,70.0,-10.0,33.0,40,No,Good,Under-7,M
M,Tunis,KuwaIT,MiddleSchool,G-07,B,Science,S,Father,22.0,51.0,48.0,10,No,Bad,Above-7,L
F,KW,KuwaIT,MiddleSchool,G-07,B,Science,S,Father,62.0,68.0,48.0,80,Yes,Good,Under-7,M
F,Jordan,Jordan,MiddleSchool,G-07,B,Science,S,Mum,82.0,89.0,58.0,50,Yes,Good,Under-7,H
M,Jordan,Jordan,MiddleSchool,G-07,B,Science,S,Mum,72.0,80.0,58.0,66,No,Bad,Under-7,M
F,Jordan,Jordan,lowerlevel,G-02,B,French,S,Mum,70.0,82.0,3.0,73,No,Bad,Under-7,H
F,Jordan,USA,lowerlevel,G-02,B,French,S,Mum,60.0,82.0,93.0,43,No,Bad,Above-7,M
M,Jordan,Jordan,lowerlevel,G-02,B,French,S,Mum,55.0,72.0,83.0,14,Yes,Good,Above-7,M
F,Morocco,Morocco,lowerlevel,G-02,B,French,S,Mum,72.0,65.0,73.0,66,Yes,Good,Under-7,H
M,KW,KuwaIT,lowerlevel,G-02,B,French,S,Mum,51.0,82.0,53.0,43,No,Bad,Under-7,M
M,Tunis,Tunis,lowerlevel,G-02,B,French,S,Mum,80.0,92.0,83.0,43,Yes,Good,Under-7,H
M,KW,KuwaIT,lowerlevel,G-02,B,French,S,Mum,60.0,52.0,23.0,33,Yes,Good,Under-7,H
M,KW,KuwaIT,lowerlevel,G-02,B,French,S,Mum,30.0,12.0,29.0,23,No,Bad,Under-7,M
M,KW,KuwaIT,lowerlevel,G-02,B,French,S,Father,40.0,62.0,83.0,33,Yes,Good,Under-7,H
M,KW,KuwaIT,lowerlevel,G-02,B,French,S,Mum,60.0,52.0,23.0,33,No,Good,Under-7,M
M,Iran,Iran,lowerlevel,G-02,B,French,S,Mum,20.0,22.0,53.0,13,No,Good,Above-7,L
M,Syria,Syria,lowerlevel,G-02,B,French,S,Mum,20.0,52.0,23.0,33,Yes,Good,Above-7,L
F,Jordan,Jordan,lowerlevel,G-02,B,French,S,Father,50.0,62.0,73.0,43,Yes,Bad,Above-7,M
M,Iran,Iran,lowerlevel,G-02,B,French,S,Father,10.0,2.0,13.0,53,No,Bad,Above-7,L
M,Tunis,Tunis,lowerlevel,G-02,B,French,S,Mum,60.0,52.0,23.0,33,Yes,Bad,Under-7,H
F,USA,USA,lowerlevel,G-02,B,French,S,Mum,15.0,52.0,83.0,11,Yes,Bad,Under-7,M
F,lebanon,lebanon,lowerlevel,G-02,B,French,S,Mum,80.0,42.0,33.0,13,Yes,Bad,Under-7,H
M,lebanon,lebanon,lowerlevel,G-02,B,French,S,Mum,40.0,51.0,20.0,33,No,Bad,Under-7,M
F,SaudiArabia,SaudiArabia,lowerlevel,G-02,B,French,S,Father,60.0,70.0,63.0,93,Yes,Bad,Under-7,H
M,Jordan,Jordan,lowerlevel,G-02,B,French,S,Father,50.0,62.0,13.0,33,No,Bad,Above-7,L
M,KW,KuwaIT,MiddleSchool,G-08,A,Arabic,S,Mum,85.0,75.0,62.0,53,Yes,Bad,Under-7,H
F,lebanon,lebanon,MiddleSchool,G-08,A,Arabic,S,Father,25.0,15.0,32.0,53,No,Bad,Under-7,M
M,lebanon,lebanon,MiddleSchool,G-08,A,Arabic,S,Mum,10.0,35.0,30.0,13,No,Bad,Above-7,L
M,lebanon,Jordan,MiddleSchool,G-08,A,Arabic,S,Mum,87.0,65.0,82.0,33,Yes,Good,Under-7,H
M,KW,KuwaIT,MiddleSchool,G-08,A,Arabic,S,Mum,85.0,15.0,22.0,53,Yes,Good,Under-7,M
F,KW,KuwaIT,MiddleSchool,G-08,A,Arabic,S,Father,80.0,71.0,52.0,51,Yes,Good,Under-7,M
M,KW,KuwaIT,MiddleSchool,G-08,A,Arabic,S,Mum,75.0,71.0,72.0,53,Yes,Good,Under-7,H
F,KW,KuwaIT,MiddleSchool,G-08,A,Arabic,S,Father,85.0,66.0,12.0,23,No,Bad,Under-7,M
M,KW,KuwaIT,MiddleSchool,G-08,A,Arabic,S,Father,23.0,25.0,32.0,53,No,Bad,Under-7,L
M,KW,KuwaIT,MiddleSchool,G-08,A,Arabic,S,Father,15.0,25.0,37.0,13,Yes,Good,Above-7,L
M,KW,KuwaIT,MiddleSchool,G-08,A,Arabic,S,Mum,95.0,91.0,62.0,53,Yes,Good,Under-7,M
M,Morocco,Morocco,MiddleSchool,G-08,A,Arabic,S,Mum,81.0,75.0,62.0,53,No,Bad,Under-7,M
M,Morocco,Morocco,MiddleSchool,G-08,A,Arabic,S,Mum,53.0,75.0,72.0,23,No,Bad,Under-7,M
M,KW,KuwaIT,MiddleSchool,G-08,A,Arabic,S,Father,15.0,43.0,42.0,33,Yes,Good,Under-7,M
M,KW,KuwaIT,MiddleSchool,G-08,A,Arabic,S,Mum,92.0,65.0,62.0,53,Yes,Good,Under-7,H
M,KW,KuwaIT,MiddleSchool,G-08,A,Arabic,S,Mum,83.0,75.0,62.0,53,No,Bad,Under-7,H
M,Morocco,Morocco,MiddleSchool,G-08,B,Arabic,S,Father,27.0,15.0,42.0,53,No,Bad,Above-7,L
M,KW,KuwaIT,MiddleSchool,G-08,B,Arabic,S,Father,45.0,95.0,12.0,13,No,Bad,Under-7,M
M,KW,KuwaIT,MiddleSchool,G-08,B,Arabic,S,Mum,15.0,90.0,52.0,83,Yes,Bad,Under-7,H
F,lebanon,lebanon,MiddleSchool,G-08,A,Arabic,S,Mum,45.0,58.0,52.0,43,Yes,Good,Under-7,H
M,KW,KuwaIT,MiddleSchool,G-08,B,Arabic,S,Father,25.0,5.0,12.0,33,Yes,Good,Under-7,M
F,KW,KuwaIT,MiddleSchool,G-08,B,Arabic,S,Father,22.0,51.0,42.0,40,Yes,Bad,Under-7,M
M,Jordan,Jordan,MiddleSchool,G-08,B,Arabic,S,Father,29.0,10.0,12.0,24,No,Bad,Above-7,L
F,SaudiArabia,SaudiArabia,MiddleSchool,G-08,B,Arabic,S,Mum,72.0,51.0,42.0,24,Yes,Bad,Above-7,H
M,KW,KuwaIT,MiddleSchool,G-08,B,Arabic,S,Father,67.0,31.0,42.0,14,Yes,Good,Under-7,M
M,KW,KuwaIT,MiddleSchool,G-08,C,Spanish,S,Father,17.0,21.0,42.0,14,Yes,Good,Under-7,M
M,Tunis,Tunis,MiddleSchool,G-08,C,Spanish,S,Mum,27.0,41.0,49.0,14,No,Bad,Under-7,M
M,KW,KuwaIT,MiddleSchool,G-08,C,Spanish,S,Father,70.0,81.0,39.0,84,No,Bad,Under-7,M
M,Jordan,SaudiArabia,MiddleSchool,G-08,C,Spanish,S,Mum,27.0,90.0,82.0,14,Yes,Good,Under-7,H
M,KW,KuwaIT,MiddleSchool,G-08,C,Spanish,S,Father,17.0,61.0,42.0,14,No,Bad,Under-7,M
M,Tunis,Tunis,MiddleSchool,G-08,C,Spanish,S,Mum,87.0,81.0,42.0,19,Yes,Good,Under-7,H
M,Tunis,Tunis,MiddleSchool,G-08,C,Spanish,S,Father,7.0,61.0,22.0,14,No,Bad,Above-7,L
M,KW,KuwaIT,MiddleSchool,G-08,C,Spanish,S,Father,17.0,50.0,2.0,4,No,Bad,Above-7,L
M,KW,KuwaIT,MiddleSchool,G-08,C,Spanish,S,Father,5.0,21.0,42.0,14,No,Good,Above-7,L
M,Iran,Iran,MiddleSchool,G-08,C,Spanish,S,Mum,27.0,41.0,32.0,61,Yes,Bad,Above-7,M
F,Jordan,KuwaIT,MiddleSchool,G-08,C,Spanish,S,Father,87.0,88.0,40.0,10,Yes,Good,Under-7,M
M,KW,KuwaIT,MiddleSchool,G-08,C,Spanish,S,Mum,96.0,61.0,42.0,94,Yes,Bad,Under-7,H
M,KW,KuwaIT,MiddleSchool,G-08,C,Spanish,S,Mum,57.0,51.0,46.0,34,Yes,Good,Under-7,M
M,lebanon,lebanon,MiddleSchool,G-08,C,Spanish,S,Father,77.0,69.0,41.0,13,Yes,Good,Under-7,M
M,lebanon,lebanon,MiddleSchool,G-08,C,Spanish,S,Father,80.0,51.0,40.0,24,No,Good,Under-7,M
M,KW,KuwaIT,MiddleSchool,G-08,B,Spanish,S,Father,62.0,61.0,82.0,40,Yes,Bad,Under-7,M
M,KW,KuwaIT,MiddleSchool,G-08,A,Spanish,S,Mum,72.0,83.0,12.0,90,Yes,Good,Under-7,H
M,KW,KuwaIT,MiddleSchool,G-08,B,Spanish,S,Mum,87.0,81.0,22.0,70,Yes,Bad,Under-7,H
M,KW,KuwaIT,MiddleSchool,G-08,A,Spanish,S,Mum,72.0,90.0,12.0,30,No,Bad,Under-7,M
M,KW,KuwaIT,MiddleSchool,G-08,B,Spanish,S,Father,2.0,11.0,62.0,30,No,Bad,Under-7,L
M,KW,KuwaIT,MiddleSchool,G-08,A,Spanish,S,Father,5.0,3.0,2.0,10,Yes,Good,Under-7,L
M,KW,KuwaIT,HighSchool,G-11,B,Math,S,Mum,73.0,84.0,77.0,81,Yes,Good,Above-7,H
M,KW,KuwaIT,MiddleSchool,G-08,A,Spanish,S,Father,5.0,17.0,21.0,10,No,Bad,Above-7,L
M,Iran,Iran,MiddleSchool,G-08,A,Spanish,S,Mum,51.0,42.0,12.0,29,No,Bad,Above-7,M
M,Syria,Jordan,MiddleSchool,G-08,A,Spanish,S,Father,9.0,7.0,21.0,20,Yes,Good,Above-7,L
M,Syria,Syria,MiddleSchool,G-07,A,Quran,F,Father,19.0,72.0,15.0,50,Yes,Good,Above-7,M
F,Jordan,Jordan,MiddleSchool,G-07,B,Science,S,Mum,32.0,80.0,58.0,46,Yes,Good,Above-7,M
M,KW,KuwaIT,MiddleSchool,G-07,B,Science,S,Mum,32.0,60.0,58.0,66,Yes,Good,Above-7,M
M,KW,KuwaIT,MiddleSchool,G-07,B,Science,S,Father,12.0,8.0,18.0,26,No,Bad,Above-7,L
M,Jordan,Jordan,MiddleSchool,G-07,B,Science,S,Father,52.0,10.0,13.0,6,No,Bad,Above-7,L
M,KW,KuwaIT,MiddleSchool,G-07,B,Science,S,Father,72.0,80.0,58.0,66,Yes,Good,Above-7,M
F,KW,KuwaIT,MiddleSchool,G-07,B,Science,S,Mum,72.0,80.0,58.0,66,Yes,Good,Above-7,M
M,Egypt,Egypt,MiddleSchool,G-07,B,Science,S,Mum,92.0,80.0,88.0,76,Yes,Good,Under-7,H
M,KW,KuwaIT,MiddleSchool,G-07,B,Science,S,Mum,72.0,80.0,98.0,96,Yes,Bad,Under-7,H
M,Egypt,Egypt,MiddleSchool,G-07,B,Science,S,Father,72.0,80.0,58.0,86,Yes,Good,Under-7,M
M,KW,KuwaIT,MiddleSchool,G-07,B,Science,S,Father,22.0,20.0,18.0,6,No,Bad,Above-7,L
M,Egypt,KuwaIT,MiddleSchool,G-07,B,Science,S,Father,12.0,20.0,38.0,46,No,Bad,Above-7,M
M,KW,KuwaIT,MiddleSchool,G-07,B,IT,S,Mum,70.0,92.0,83.0,85,Yes,Bad,Under-7,H
F,KW,KuwaIT,MiddleSchool,G-06,A,IT,S,Father,50.0,40.0,52.0,66,Yes,Bad,Under-7,M
F,KW,KuwaIT,MiddleSchool,G-06,A,Science,S,Father,80.0,94.0,62.0,77,Yes,Good,Under-7,H
F,KW,KuwaIT,MiddleSchool,G-06,A,Math,S,Father,87.0,48.0,82.0,96,No,Bad,Above-7,M
F,KW,KuwaIT,MiddleSchool,G-06,A,Quran,S,Father,70.0,40.0,2.0,16,No,Bad,Above-7,L
M,KW,KuwaIT,lowerlevel,G-04,A,IT,S,Father,65.0,86.0,62.0,40,No,Good,Above-7,M
M,KW,KuwaIT,lowerlevel,G-04,A,Math,S,Father,15.0,6.0,32.0,40,Yes,Good,Under-7,H
M,Egypt,Egypt,lowerlevel,G-04,A,English,S,Mum,19.0,74.0,32.0,17,No,Good,Above-7,L
F,KW,KuwaIT,lowerlevel,G-04,A,Science,S,Father,69.0,76.0,82.0,94,No,Bad,Under-7,M
M,KW,KuwaIT,lowerlevel,G-04,A,Arabic,S,Father,39.0,26.0,12.0,44,No,Bad,Above-7,L
M,KW,KuwaIT,lowerlevel,G-04,A,English,S,Father,59.0,97.0,42.0,70,Yes,Good,Under-7,H
M,KW,KuwaIT,lowerlevel,G-04,A,History,S,Father,10.0,17.0,12.0,40,Yes,Good,Under-7,H
F,KW,KuwaIT,lowerlevel,G-04,A,History,S,Mum,80.0,87.0,72.0,60,No,Good,Under-7,H
F,KW,KuwaIT,lowerlevel,G-04,A,History,S,Father,70.0,99.0,66.0,65,No,Good,Under-7,M
F,KW,KuwaIT,lowerlevel,G-04,A,History,S,Father,80.0,97.0,86.0,95,Yes,Good,Under-7,M
M,KW,KuwaIT,lowerlevel,G-04,A,English,S,Mum,69.0,34.0,12.0,17,No,Bad,Above-7,L
M,KW,KuwaIT,lowerlevel,G-04,A,History,S,Father,10.0,17.0,12.0,14,No,Bad,Above-7,L
M,KW,KuwaIT,lowerlevel,G-04,A,History,S,Father,61.0,97.0,82.0,64,Yes,Bad,Above-7,M
F,KW,KuwaIT,lowerlevel,G-04,A,History,S,Mum,21.0,27.0,52.0,34,Yes,Good,Above-7,M
M,Egypt,Egypt,lowerlevel,G-04,A,Math,S,Mum,49.0,94.0,42.0,7,No,Bad,Above-7,M
F,Jordan,Jordan,MiddleSchool,G-06,A,English,F,Mum,70.0,64.0,42.0,32,No,Bad,Under-7,M
F,Jordan,Jordan,MiddleSchool,G-06,A,English,S,Mum,79.0,84.0,82.0,37,No,Bad,Under-7,H
M,Jordan,Jordan,MiddleSchool,G-06,A,English,F,Father,19.0,80.0,12.0,17,Yes,Good,Above-7,M
M,Jordan,Jordan,MiddleSchool,G-06,A,English,S,Father,11.0,70.0,32.0,29,Yes,Good,Above-7,M
M,Jordan,Jordan,MiddleSchool,G-06,A,English,F,Father,10.0,8.0,10.0,10,Yes,Bad,Above-7,M
M,Jordan,Jordan,MiddleSchool,G-06,A,English,S,Father,18.0,28.0,40.0,20,Yes,Bad,Above-7,M
F,Jordan,Jordan,MiddleSchool,G-06,A,English,F,Mum,90.0,84.0,52.0,30,No,Good,Under-7,H
F,Jordan,Jordan,MiddleSchool,G-06,A,English,S,Mum,92.0,81.0,32.0,36,No,Good,Under-7,M
M,Jordan,Jordan,MiddleSchool,G-06,A,English,F,Father,42.0,21.0,2.0,16,No,Bad,Under-7,M
M,Jordan,Jordan,MiddleSchool,G-06,A,English,S,Father,22.0,-20.0,6.0,26,No,Bad,Under-7,H
F,lebanon,lebanon,MiddleSchool,G-06,A,English,F,Mum,95.0,82.0,82.0,70,Yes,Good,Under-7,H
F,lebanon,lebanon,MiddleSchool,G-06,A,English,S,Mum,90.0,62.0,80.0,60,Yes,Good,Under-7,H
M,Palestine,Jordan,MiddleSchool,G-06,A,English,F,Mum,72.0,21.0,22.0,26,Yes,Good,Under-7,H
M,Palestine,Jordan,MiddleSchool,G-06,A,English,S,Mum,-20.0,31.0,42.0,27,Yes,Good,Under-7,H
M,Palestine,Jordan,MiddleSchool,G-06,A,English,F,Mum,82.0,31.0,52.0,25,No,Good,Under-7,M
M,Palestine,Jordan,MiddleSchool,G-06,A,English,S,Mum,72.0,41.0,300.0,27,No,Good,Under-7,M
M,Iraq,Iraq,MiddleSchool,G-06,A,English,F,Mum,74.0,71.0,56.0,37,No,Good,Under-7,H
M,Iraq,Iraq,MiddleSchool,G-06,A,English,S,Mum,74.0,60.0,56.0,37,No,Good,Under-7,H
F,Jordan,Jordan,MiddleSchool,G-06,A,English,F,Mum,95.0,94.0,72.0,80,No,Good,Under-7,H
F,Jordan,Jordan,MiddleSchool,G-06,A,English,S,Mum,97.0,87.0,82.0,86,No,Good,Under-7,H
M,Jordan,Jordan,MiddleSchool,G-06,A,English,F,Father,40.0,38.0,32.0,36,No,Bad,Above-7,M
M,Jordan,Jordan,MiddleSchool,G-06,A,English,S,Father,41.0,39.0,35.0,39,Yes,Bad,Above-7,M
F,Jordan,Jordan,MiddleSchool,G-06,A,English,F,Mum,51.0,79.0,85.0,89,Yes,Good,Under-7,H
F,Jordan,Jordan,MiddleSchool,G-06,A,English,S,Mum,81.0,79.0,91.0,85,Yes,Good,Under-7,H
M,Palestine,Jordan,MiddleSchool,G-06,A,English,F,Mum,71.0,70.0,65.0,69,Yes,Good,Under-7,M
M,Palestine,Jordan,MiddleSchool,G-06,A,English,S,Mum,75.0,71.0,200.0,80,Yes,Good,Under-7,M
F,Jordan,Jordan,lowerlevel,G-04,A,Science,F,Father,49.0,36.0,32.0,44,No,Bad,Above-7,L
F,Jordan,Jordan,lowerlevel,G-04,A,Science,S,Father,42.0,24.0,12.0,24,No,Bad,Above-7,L
F,Palestine,Palestine,lowerlevel,G-04,A,Science,F,Mum,90.0,86.0,82.0,74,Yes,Good,Under-7,H
F,Palestine,Palestine,lowerlevel,G-04,A,Science,S,Mum,62.0,64.0,72.0,84,Yes,Good,Under-7,H
M,Iraq,Iraq,lowerlevel,G-04,A,Science,F,Father,90.0,86.0,82.0,74,Yes,Good,Above-7,M
M,Iraq,Iraq,lowerlevel,G-04,A,Science,S,Father,62.0,64.0,72.0,84,Yes,Good,Above-7,M
F,Jordan,Jordan,lowerlevel,G-04,A,Science,F,Mum,98.0,87.0,86.0,84,No,Good,Under-7,H
F,Jordan,Jordan,lowerlevel,G-04,A,Science,S,Mum,72.0,74.0,82.0,89,No,Good,Under-7,H
M,Jordan,Jordan,lowerlevel,G-04,A,Science,F,Father,18.0,17.0,26.0,34,No,Good,Above-7,M
M,Jordan,Jordan,lowerlevel,G-04,A,Science,S,Father,32.0,14.0,32.0,29,No,Good,Above-7,M
M,Jordan,Jordan,lowerlevel,G-04,A,Science,F,Father,10.0,12.0,20.0,13,No,Bad,Above-7,L
M,Jordan,Jordan,lowerlevel,G-04,A,Science,S,Father,22.0,34.0,15.0,9,No,Bad,Above-7,L
F,Jordan,Jordan,lowerlevel,G-04,B,Science,F,Mum,11.0,20.0,21.0,23,No,Bad,Under-7,M
F,Jordan,Jordan,lowerlevel,G-04,B,Science,S,Mum,12.0,44.0,25.0,39,No,Bad,Under-7,M
F,Jordan,Jordan,lowerlevel,G-04,B,Science,F,Father,15.0,50.0,24.0,43,Yes,Bad,Under-7,M
F,Jordan,Jordan,lowerlevel,G-04,B,Science,S,Father,32.0,,29.0,89,Yes,Bad,Under-7,M
M,Jordan,Jordan,lowerlevel,G-04,B,Science,F,Mum,65.0,59.0,74.0,83,Yes,Good,Under-7,H
M,Jordan,Jordan,lowerlevel,G-04,B,Science,S,Mum,72.0,64.0,59.0,89,Yes,Good,Under-7,H
M,Palestine,Jordan,lowerlevel,G-04,B,Science,F,Mum,95.0,57.0,74.0,89,Yes,Good,Above-7,M
M,Palestine,Jordan,lowerlevel,G-04,B,Science,S,Mum,82.0,84.0,79.0,79,Yes,Good,Above-7,M
M,Jordan,Jordan,lowerlevel,G-04,B,Science,F,Father,25.0,29.0,34.0,33,No,Good,Above-7,M
M,Jordan,Jordan,lowerlevel,G-04,B,Science,S,Father,42.0,34.0,250.0,39,No,Good,Above-7,M
F,Jordan,Jordan,lowerlevel,G-04,B,Science,F,Mum,55.0,79.0,44.0,43,Yes,Good,Under-7,H
F,Jordan,Jordan,lowerlevel,G-04,B,Science,S,Mum,62.0,64.0,69.0,250,Yes,Good,Under-7,H
F,Jordan,lebanon,lowerlevel,G-04,B,Science,F,Mum,78.0,88.0,74.0,83,Yes,Good,Under-7,H
F,Jordan,lebanon,lowerlevel,G-04,B,Science,S,Mum,72.0,84.0,89.0,89,Yes,Good,Under-7,H
M,Jordan,Jordan,lowerlevel,G-02,A,French,F,Mum,60.0,92.0,83.0,23,Yes,Good,Under-7,H
M,Jordan,Jordan,lowerlevel,G-02,A,French,S,Mum,50.0,90.0,83.0,13,Yes,Good,Under-7,H
F,Jordan,Jordan,lowerlevel,G-02,A,French,F,Mum,60.0,97.0,13.0,3,Yes,Good,Under-7,H
F,Jordan,Jordan,lowerlevel,G-02,A,French,S,Mum,50.0,95.0,23.0,10,Yes,Good,Under-7,H
F,Jordan,Jordan,lowerlevel,G-02,A,French,F,Mum,60.0,87.0,23.0,11,Yes,Good,Above-7,M
F,Jordan,Jordan,lowerlevel,G-02,A,French,S,Mum,50.0,80.0,20.0,15,Yes,Good,Above-7,M
M,Jordan,Jordan,lowerlevel,G-02,A,French,F,Father,10.0,15.0,10.0,21,No,Bad,Above-7,L
M,Jordan,Jordan,lowerlevel,G-02,A,French,S,Father,30.0,10.0,20.0,5,No,Bad,Above-7,L
M,Syria,Syria,lowerlevel,G-02,A,French,F,Father,24.0,35.0,18.0,31,No,Bad,Under-7,M
M,Syria,Syria,lowerlevel,G-02,A,French,S,Father,27.0,20.0,33.0,35,No,Bad,Under-7,M
M,Jordan,Jordan,lowerlevel,G-02,A,French,F,Father,10.0,15.0,10.0,21,No,Bad,Above-7,L
M,Jordan,Jordan,lowerlevel,G-02,A,French,S,Father,30.0,10.0,20.0,5,No,Bad,Above-7,L
F,Jordan,Palestine,lowerlevel,G-02,A,French,F,Mum,80.0,77.0,63.0,83,Yes,Good,Under-7,M
F,Jordan,Palestine,lowerlevel,G-02,A,French,S,Mum,75.0,85.0,73.0,80,Yes,Good,Under-7,M
M,Jordan,Jordan,lowerlevel,G-02,A,French,F,Father,40.0,7.0,50.0,41,No,Good,Above-7,L
M,Jordan,Jordan,lowerlevel,G-02,A,French,S,Father,35.0,2.0,29.0,33,No,Good,Above-7,L
F,Jordan,Jordan,lowerlevel,G-02,A,French,F,Mum,10.0,90.0,30.0,21,No,Good,Under-7,M
F,Jordan,Jordan,lowerlevel,G-02,A,French,S,Mum,25.0,80.0,29.0,23,No,Good,Under-7,M
M,Lybia,Lybia,lowerlevel,G-02,A,French,F,Mum,10.0,8.0,9.0,3,No,Good,Above-7,L
M,Lybia,Lybia,lowerlevel,G-02,A,French,S,Mum,15.0,7.0,12.0,7,No,Good,Above-7,L
F,Palestine,Jordan,lowerlevel,G-02,A,French,F,Mum,70.0,90.0,20.0,21,No,Good,Under-7,M
F,Palestine,Jordan,lowerlevel,G-02,A,French,S,Mum,75.0,250.0,15.0,20,No,Good,Under-7,M
F,Palestine,Jordan,lowerlevel,G-02,B,French,F,Father,78.0,98.0,10.0,11,No,Good,Under-7,M
F,Palestine,Jordan,lowerlevel,G-02,B,French,S,Father,79.0,89.0,11.0,14,No,Good,Under-7,M
F,Iraq,Iraq,lowerlevel,G-02,B,French,F,Father,16.0,90.0,15.0,11,No,Good,Under-7,M
F,Iraq,Iraq,lowerlevel,G-02,B,French,S,Father,17.0,80.0,13.0,10,No,Good,Under-7,M
M,Jordan,Jordan,lowerlevel,G-02,B,French,F,Mum,40.0,87.0,50.0,41,No,Bad,Under-7,M
M,Jordan,Jordan,lowerlevel,G-02,B,French,S,Mum,35.0,92.0,29.0,33,No,Bad,Under-7,M
F,Jordan,Jordan,lowerlevel,G-02,B,French,F,Mum,14.0,97.0,15.0,14,No,Good,Under-7,H
F,Jordan,Jordan,lowerlevel,G-02,B,French,F,Mum,13.0,82.0,20.0,30,No,Good,Under-7,H
F,Jordan,Jordan,lowerlevel,G-02,B,French,S,Mum,24.0,97.0,-20.0,14,No,Good,Under-7,H
F,Jordan,Jordan,lowerlevel,G-02,B,French,S,Mum,23.0,82.0,20.0,30,No,Good,Under-7,H
M,Lybia,Lybia,lowerlevel,G-02,B,French,F,Mum,20.0,3.0,9.0,3,No,Good,Above-7,L
M,Lybia,Lybia,lowerlevel,G-02,B,French,S,Mum,15.0,4.0,12.0,7,No,Good,Above-7,L
M,Egypt,Egypt,lowerlevel,G-02,B,French,F,Mum,5.0,13.0,6.0,6,No,Good,Above-7,L
M,Egypt,Egypt,lowerlevel,G-02,B,French,S,Mum,7.0,9.0,11.0,10,No,Good,Above-7,L
F,Jordan,Jordan,lowerlevel,G-02,B,French,F,Mum,10.0,94.0,40.0,11,Yes,Good,Under-7,M
F,Jordan,Jordan,lowerlevel,G-02,B,French,S,Mum,25.0,89.0,21.0,13,Yes,Good,Under-7,M
M,Jordan,Jordan,lowerlevel,G-02,B,French,F,Mum,30.0,98.0,42.0,21,Yes,Good,Under-7,H
M,Jordan,Jordan,lowerlevel,G-02,B,French,S,Mum,35.0,97.0,41.0,23,Yes,Good,Under-7,H
M,Jordan,Jordan,lowerlevel,G-02,B,French,F,Father,32.0,88.0,32.0,25,Yes,Good,Under-7,M
M,Jordan,Jordan,lowerlevel,G-02,B,French,S,Father,25.0,87.0,21.0,27,Yes,Good,Under-7,M
F,lebanon,lebanon,lowerlevel,G-02,B,French,F,Mum,72.0,98.0,52.0,15,Yes,Good,Under-7,H
F,lebanon,lebanon,lowerlevel,G-02,B,French,S,Mum,75.0,90.0,51.0,17,Yes,Good,Under-7,H
M,Jordan,Jordan,lowerlevel,G-02,A,Arabic,F,Father,20.0,88.0,31.0,28,Yes,Good,Above-7,M
M,Jordan,Jordan,lowerlevel,G-02,A,Arabic,S,Father,10.0,98.0,41.0,38,Yes,Good,Above-7,M
M,Palestine,Jordan,lowerlevel,G-02,A,Arabic,F,Father,90.0,98.0,41.0,38,Yes,Good,Under-7,H
M,Palestine,Jordan,lowerlevel,G-02,A,Arabic,S,Father,80.0,88.0,51.0,39,Yes,Good,Under-7,H
M,Iraq,Iraq,lowerlevel,G-02,A,Arabic,F,Father,80.0,95.0,21.0,28,Yes,Good,Under-7,H
M,Iraq,Iraq,lowerlevel,G-02,A,Arabic,S,Father,78.0,70.0,31.0,29,Yes,Good,Under-7,H
M,Jordan,Jordan,lowerlevel,G-02,A,Arabic,F,Father,10.0,18.0,71.0,38,Yes,Good,Above-7,M
M,Jordan,Jordan,lowerlevel,G-02,A,Arabic,S,Father,10.0,58.0,51.0,48,Yes,Good,Above-7,M
F,Palestine,Jordan,lowerlevel,G-02,A,Arabic,F,Mum,98.0,88.0,60.0,31,No,Good,Under-7,H
F,Palestine,Jordan,lowerlevel,G-02,A,Arabic,S,Mum,75.0,81.0,51.0,34,No,Good,Under-7,H
M,Jordan,Jordan,lowerlevel,G-02,A,Arabic,F,Father,10.0,17.0,50.0,21,No,Bad,Under-7,M
M,Jordan,Jordan,lowerlevel,G-02,A,Arabic,S,Father,35.0,2.0,29.0,23,No,Bad,Under-7,M
F,Jordan,Jordan,lowerlevel,G-02,A,Arabic,F,Father,10.0,20.0,22.0,97,No,Bad,Above-7,L
F,Jordan,Jordan,lowerlevel,G-02,A,Arabic,S,Father,5.0,9.0,19.0,98,No,Bad,Above-7,L
M,Jordan,Jordan,lowerlevel,G-02,B,Arabic,F,Father,10.0,10.0,,51,No,Bad,Above-7,L
M,Jordan,Jordan,lowerlevel,G-02,B,Arabic,S,Father,35.0,2.0,29.0,23,No,Bad,Above-7,L
M,Jordan,Jordan,lowerlevel,G-02,B,Arabic,F,Mum,20.0,90.0,50.0,61,Yes,Bad,Above-7,M
M,Jordan,Jordan,lowerlevel,G-02,B,Arabic,S,Mum,32.0,82.0,59.0,63,Yes,Bad,Above-7,M
M,Jordan,Jordan,lowerlevel,G-02,B,Arabic,F,Father,10.0,30.0,50.0,91,Yes,Bad,Above-7,L
M,Jordan,Jordan,lowerlevel,G-02,B,Arabic,S,Father,12.0,22.0,59.0,83,Yes,Bad,Above-7,L
F,Jordan,Jordan,lowerlevel,G-02,B,Arabic,F,Father,11.0,20.0,20.0,98,No,Bad,Above-7,L
F,Jordan,Jordan,lowerlevel,G-02,B,Arabic,S,Father,10.0,12.0,29.0,93,No,Bad,Above-7,L
M,Iraq,Iraq,lowerlevel,G-02,B,Arabic,F,Mum,69.0,82.0,20.0,28,Yes,Good,Under-7,H
M,Iraq,Iraq,lowerlevel,G-02,B,Arabic,S,Mum,70.0,83.0,29.0,33,Yes,Good,Under-7,H
F,Iraq,Iraq,lowerlevel,G-02,B,Arabic,F,Mum,89.0,92.0,40.0,28,Yes,Good,Under-7,H
F,Iraq,Iraq,lowerlevel,G-02,B,Arabic,S,Mum,79.0,93.0,49.0,23,Yes,Good,Under-7,H
M,Jordan,Jordan,lowerlevel,G-02,B,Arabic,F,Mum,15.0,90.0,21.0,97,Yes,Good,Under-7,M
M,Jordan,Jordan,lowerlevel,G-02,B,Arabic,S,Mum,20.0,77.0,31.0,88,Yes,Good,Under-7,M
M,Jordan,SaudiArabia,lowerlevel,G-02,B,Arabic,F,Mum,4.0,10.0,11.0,7,No,Good,Above-7,L
M,Jordan,SaudiArabia,lowerlevel,G-02,B,Arabic,S,Mum,5.0,0.0,1.0,8,No,Good,Above-7,L
F,Jordan,Jordan,MiddleSchool,G-07,A,Biology,F,Mum,88.0,81.0,50.0,10,Yes,Good,Above-7,M
F,Jordan,Jordan,MiddleSchool,G-07,A,Biology,S,Mum,90.0,88.0,54.0,12,Yes,Good,Above-7,M
F,Iraq,Iraq,MiddleSchool,G-07,A,Biology,F,Mum,86.0,98.0,50.0,20,Yes,Good,Under-7,H
F,Iraq,Iraq,MiddleSchool,G-07,A,Biology,S,Mum,90.0,90.0,57.0,22,Yes,Good,Under-7,H
M,Jordan,Palestine,MiddleSchool,G-07,A,Biology,F,Mum,250.0,91.0,50.0,40,Yes,Good,Under-7,H
M,Jordan,Palestine,MiddleSchool,G-07,A,Biology,S,Mum,70.0,98.0,54.0,72,Yes,Good,Under-7,H
M,Jordan,Jordan,MiddleSchool,G-07,A,Biology,F,Father,80.0,80.0,-10.0,61,Yes,Bad,Under-7,M
M,Jordan,Jordan,MiddleSchool,G-07,A,Biology,S,Father,85.0,82.0,59.0,63,Yes,Bad,Under-7,M
M,Palestine,Palestine,MiddleSchool,G-07,A,Biology,F,Father,88.0,90.0,86.0,81,Yes,Good,Under-7,H
M,Palestine,Palestine,MiddleSchool,G-07,A,Biology,S,Father,300.0,92.0,89.0,83,Yes,Good,Under-7,H
M,Jordan,Jordan,MiddleSchool,G-07,A,Biology,F,Father,39.0,71.0,40.0,26,No,Good,Above-7,M
M,Jordan,Jordan,MiddleSchool,G-07,A,Biology,S,Father,35.0,80.0,34.0,22,No,Good,Above-7,M
M,Jordan,Jordan,MiddleSchool,G-07,A,Biology,F,Father,76.0,81.0,80.0,86,No,Good,Under-7,H
M,Jordan,Jordan,MiddleSchool,G-07,A,Biology,S,Father,65.0,89.0,64.0,82,No,Good,Under-7,H
F,Syria,Syria,MiddleSchool,G-07,A,Biology,F,Mum,,95.0,70.0,70,Yes,Good,Under-7,H
F,Syria,Syria,MiddleSchool,G-07,A,Biology,S,Mum,80.0,91.0,87.0,72,Yes,Good,Under-7,H
M,Jordan,Jordan,MiddleSchool,G-07,A,Biology,F,Mum,2.0,9.0,10.0,1,No,Bad,Above-7,L
M,Jordan,Jordan,MiddleSchool,G-07,A,Biology,S,Mum,3.0,8.0,19.0,3,No,Bad,Above-7,L
M,Jordan,Jordan,MiddleSchool,G-07,B,Biology,F,Father,50.0,79.0,10.0,31,No,Bad,Under-7,M
M,Jordan,Jordan,MiddleSchool,G-07,B,Biology,S,Father,53.0,88.0,9.0,33,No,Bad,Under-7,M
F,Jordan,Jordan,MiddleSchool,G-07,B,Biology,F,Mum,70.0,89.0,12.0,21,No,Good,Under-7,H
F,Jordan,Jordan,MiddleSchool,G-07,B,Biology,S,Mum,59.0,90.0,19.0,43,No,Good,Under-7,H
M,Palestine,Jordan,MiddleSchool,G-07,B,Biology,F,Father,78.0,80.0,66.0,51,Yes,Good,Under-7,M
M,Palestine,Jordan,MiddleSchool,G-07,B,Biology,S,Father,79.0,72.0,79.0,300,Yes,Good,Under-7,M
F,Lybia,Lybia,MiddleSchool,G-07,B,Biology,F,Mum,-10.0,9.0,2.0,1,No,Good,Above-7,L
F,Lybia,Lybia,MiddleSchool,G-07,B,Biology,S,Mum,9.0,7.0,9.0,3,No,Good,Above-7,L
M,Iraq,Iraq,MiddleSchool,G-07,B,Biology,F,Father,98.0,90.0,86.0,71,Yes,Good,Under-7,H
M,Iraq,Iraq,MiddleSchool,G-07,B,Biology,S,Father,89.0,92.0,89.0,83,Yes,Good,Under-7,H
M,Palestine,Jordan,MiddleSchool,G-07,B,Biology,F,Father,88.0,90.0,76.0,81,Yes,Good,Under-7,H
M,Palestine,Jordan,MiddleSchool,G-07,B,Biology,S,Father,99.0,96.0,89.0,84,Yes,Good,Under-7,H
F,Jordan,Jordan,MiddleSchool,G-08,A,Chemistry,F,Mum,82.0,89.0,22.0,31,Yes,Good,Under-7,H
F,Jordan,Jordan,MiddleSchool,G-08,A,Chemistry,S,Mum,84.0,92.0,29.0,43,Yes,Good,Under-7,H
F,Jordan,Jordan,MiddleSchool,G-08,A,Geology,F,Mum,70.0,69.0,46.0,45,Yes,Good,Above-7,M
F,Jordan,Jordan,MiddleSchool,G-08,A,Geology,S,Mum,74.0,62.0,49.0,43,Yes,Good,Above-7,M
F,Jordan,Jordan,MiddleSchool,G-08,A,Geology,F,Mum,90.0,79.0,76.0,79,Yes,Good,Under-7,H
F,Jordan,Jordan,MiddleSchool,G-08,A,Geology,S,Mum,84.0,77.0,79.0,68,Yes,Good,Under-7,H
M,Jordan,Jordan,MiddleSchool,G-08,A,Chemistry,F,Mum,80.0,80.0,62.0,11,Yes,Good,Above-7,M
M,Jordan,Jordan,MiddleSchool,G-08,A,Chemistry,S,Mum,81.0,82.0,69.0,13,Yes,Good,Above-7,M
M,Jordan,SaudiArabia,MiddleSchool,G-08,A,Chemistry,F,Father,10.0,0.0,2.0,41,No,Bad,Above-7,L
M,Jordan,SaudiArabia,MiddleSchool,G-08,A,Chemistry,S,Father,11.0,2.0,9.0,49,No,Bad,Above-7,L
M,Jordan,SaudiArabia,MiddleSchool,G-08,A,Geology,F,Father,85.0,89.0,22.0,61,No,Bad,Under-7,H
M,Jordan,SaudiArabia,MiddleSchool,G-08,A,Geology,S,Father,80.0,89.0,23.0,68,No,Bad,Under-7,H
M,Jordan,SaudiArabia,MiddleSchool,G-08,A,Geology,F,Father,95.0,87.0,62.0,81,No,Bad,Under-7,M
M,Jordan,SaudiArabia,MiddleSchool,G-08,A,Geology,S,Father,87.0,79.0,73.0,98,No,Bad,Under-7,M
M,Jordan,Jordan,MiddleSchool,G-08,A,Chemistry,F,Mum,85.0,87.0,72.0,10,Yes,Good,Above-7,M
M,Jordan,Jordan,MiddleSchool,G-08,A,Chemistry,S,Mum,79.0,88.0,79.0,20,Yes,Good,Above-7,M
M,Jordan,Jordan,MiddleSchool,G-08,A,Geology,F,Mum,80.0,81.0,71.0,30,Yes,Good,Under-7,M
M,Jordan,Jordan,MiddleSchool,G-08,A,Geology,S,Mum,70.0,83.0,70.0,23,Yes,Good,Under-7,M
M,Jordan,Jordan,MiddleSchool,G-08,A,Chemistry,F,Mum,80.0,82.0,76.0,19,Yes,Good,Under-7,M
M,Jordan,Jordan,MiddleSchool,G-08,A,Chemistry,S,Mum,70.0,82.0,75.0,29,Yes,Good,Under-7,M
M,Jordan,Jordan,MiddleSchool,G-08,A,Geology,F,Mum,89.0,87.0,86.0,15,Yes,Good,Under-7,M
M,Jordan,Jordan,MiddleSchool,G-08,A,Geology,S,Mum,90.0,86.0,85.0,10,Yes,Good,Under-7,M
M,Jordan,Jordan,MiddleSchool,G-08,A,History,F,Mum,69.0,77.0,76.0,75,Yes,Good,Above-7,M
M,Jordan,Jordan,MiddleSchool,G-08,A,History,S,Mum,70.0,76.0,65.0,70,Yes,Good,Above-7,M
M,Jordan,Jordan,MiddleSchool,G-08,A,Chemistry,F,Mum,75.0,72.0,64.0,39,Yes,Good,Above-7,L
M,Jordan,Jordan,MiddleSchool,G-08,A,Chemistry,S,Mum,72.0,76.0,66.0,40,Yes,Good,Above-7,L
M,Jordan,Jordan,MiddleSchool,G-08,A,Geology,F,Mum,77.0,82.0,74.0,79,Yes,Good,Under-7,M
M,Jordan,Jordan,MiddleSchool,G-08,A,Geology,S,Mum,71.0,84.0,67.0,80,Yes,Good,Under-7,M
M,Jordan,Jordan,MiddleSchool,G-08,A,History,F,Mum,87.0,92.0,74.0,89,Yes,Good,Under-7,H
M,Jordan,Jordan,MiddleSchool,G-08,A,History,S,Mum,81.0,84.0,77.0,85,Yes,Good,Under-7,H
F,Jordan,Jordan,MiddleSchool,G-08,A,Chemistry,F,Father,15.0,97.0,22.0,10,Yes,Good,Under-7,H
F,Jordan,Jordan,MiddleSchool,G-08,A,Chemistry,S,Father,19.0,98.0,20.0,2,Yes,Good,Under-7,H
F,Jordan,Jordan,MiddleSchool,G-08,A,Geology,F,Father,25.0,82.0,52.0,20,Yes,Good,Above-7,M
F,Jordan,Jordan,MiddleSchool,G-08,A,Geology,S,Father,29.0,78.0,40.0,12,Yes,Good,Above-7,M
F,Jordan,Jordan,MiddleSchool,G-08,A,History,F,Father,45.0,87.0,57.0,80,Yes,Good,Under-7,M
F,Jordan,Jordan,MiddleSchool,G-08,A,History,S,Father,39.0,88.0,43.0,72,Yes,Good,Under-7,M
F,Jordan,Jordan,MiddleSchool,G-08,A,Chemistry,F,Father,85.0,90.0,52.0,30,Yes,Good,Under-7,H
F,Jordan,Jordan,MiddleSchool,G-08,A,Chemistry,S,Father,79.0,91.0,49.0,22,Yes,Good,Under-7,H
M,Iraq,Iraq,MiddleSchool,G-08,A,Chemistry,F,Father,90.0,91.0,80.0,81,Yes,Good,Under-7,H
M,Iraq,Iraq,MiddleSchool,G-08,A,Chemistry,S,Father,80.0,90.0,80.0,83,Yes,Good,Under-7,H
M,Iraq,Iraq,MiddleSchool,G-08,A,Geology,F,Father,80.0,83.0,82.0,71,Yes,Good,Above-7,M
M,Iraq,Iraq,MiddleSchool,G-08,A,Geology,S,Father,71.0,81.0,83.0,72,Yes,Good,Above-7,M
M,Iraq,Iraq,MiddleSchool,G-08,A,History,F,Father,72.0,87.0,72.0,89,Yes,Good,Above-7,M
M,Iraq,Iraq,MiddleSchool,G-08,A,History,S,Father,69.0,77.0,83.0,92,Yes,Good,Above-7,M
F,Jordan,Jordan,MiddleSchool,G-08,A,Chemistry,F,Mum,85.0,99.0,42.0,90,Yes,Good,Under-7,H
F,Jordan,Jordan,MiddleSchool,G-08,A,Chemistry,S,Mum,89.0,96.0,45.0,92,Yes,Good,Under-7,H
F,Jordan,Jordan,MiddleSchool,G-08,A,Geology,F,Mum,80.0,82.0,64.0,58,Yes,Good,Under-7,H
F,Jordan,Jordan,MiddleSchool,G-08,A,Geology,S,Mum,87.0,93.0,63.0,-20,Yes,Good,Under-7,H
F,Jordan,Jordan,MiddleSchool,G-08,A,Chemistry,F,Father,15.0,9.0,14.0,80,No,Bad,Above-7,L
F,Jordan,Jordan,MiddleSchool,G-08,A,Chemistry,S,Father,9.0,6.0,15.0,85,No,Bad,Above-7,L
M,Palestine,Jordan,MiddleSchool,G-08,A,History,F,Father,81.0,86.0,86.0,41,Yes,Good,Under-7,M
M,Palestine,Jordan,MiddleSchool,G-08,A,History,S,Father,78.0,82.0,78.0,53,Yes,Good,Under-7,M
M,Palestine,Palestine,MiddleSchool,G-08,A,Geology,F,Father,80.0,87.0,74.0,68,Yes,Good,Under-7,M
M,Palestine,Palestine,MiddleSchool,G-08,A,Geology,S,Father,85.0,88.0,79.0,70,Yes,Good,Under-7,M
F,Jordan,Jordan,MiddleSchool,G-08,A,Chemistry,F,Father,2.0,7.0,4.0,8,No,Bad,Above-7,L
F,Jordan,Jordan,MiddleSchool,G-08,A,Chemistry,S,Father,5.0,4.0,5.0,8,No,Bad,Above-7,L
F,Jordan,Jordan,MiddleSchool,G-08,A,Geology,F,Father,50.0,77.0,14.0,28,No,Bad,Under-7,M
F,Jordan,Jordan,MiddleSchool,G-08,A,Geology,S,Father,55.0,200.0,25.0,29,No,Bad,Under-7,M
F,Jordan,Jordan,MiddleSchool,G-08,A,History,F,Father,30.0,17.0,14.0,57,No,Bad,Above-7,L
F,Jordan,Jordan,MiddleSchool,G-08,A,History,S,Father,35.0,14.0,23.0,62,No,Bad,Above-7,L
